"","CUST_id","brand","PURCH_cans","PURCH_carbs_junk","PURCH_carbs_whole","PURCH_dairy","PURCH_fruit","PURCH_sugar","PURCH_veg","PURCH_prep","PURCH_frozen","PURCH_beef","PURCH_seafood","PURCH_chicken","PURCH_protein_other"
"1","CUST_1270","store",353,121,458,588,508,81,529,120,124,131,94,294,44
"2","CUST_402","store",53,32,26,44,31,24,43,12,47,22,5,37,7
"3","CUST_1618","store",31,20,53,62,27,16,110,12,23,27,5,22,10
"4","CUST_1695","store",61,33,94,116,62,30,96,36,47,59,15,71,16
"5","CUST_1000","store",108,67,184,334,157,48,331,84,91,132,35,160,28
"6","CUST_1775","store",128,13,85,52,101,20,203,24,39,37,25,53,5
"7","CUST_919","store",174,26,107,106,184,37,227,24,38,56,30,93,7
"8","CUST_1569","store",125,8,61,53,114,25,132,2,18,32,10,61,5
"9","CUST_1943","store",79,50,214,228,181,27,263,24,80,89,40,91,20
"10","CUST_345","store",110,63,89,78,98,42,103,60,73,32,15,58,18
"11","CUST_1783","store",316,166,138,230,240,130,228,72,197,103,21,162,48
"12","CUST_848","store",268,96,295,392,371,60,365,48,93,98,61,210,41
"13","CUST_1924","store",154,99,78,151,55,53,72,36,140,68,19,124,37
"14","CUST_258","store",190,38,133,119,198,34,232,12,36,59,35,96,10
"15","CUST_1183","store",417,232,231,404,174,105,141,108,372,224,64,488,121
"16","CUST_1794","store",53,40,22,41,32,24,60,24,39,22,5,13,11
"17","CUST_1219","store",226,90,210,292,275,53,279,24,44,70,60,216,23
"18","CUST_1201","store",201,56,92,109,52,41,99,36,153,70,21,118,37
"19","CUST_580","store",131,58,135,189,94,54,209,72,73,89,19,133,35
"20","CUST_381","store",97,40,160,161,201,38,171,48,59,44,34,128,32
"21","CUST_713","store",36,15,43,51,97,9,94,12,9,5,5,10,5
"22","CUST_599","store",206,102,95,166,66,53,100,84,176,103,27,189,47
"23","CUST_882","store",279,104,101,152,220,79,132,72,143,80,20,129,31
"24","CUST_901","store",158,82,62,139,55,56,73,48,135,64,28,131,32
"25","CUST_167","store",78,12,49,24,101,24,114,2,23,20,12,43,5
"26","CUST_789","store",122,23,95,97,195,27,167,24,36,47,28,42,6
"27","CUST_1241","store",44,21,26,34,10,14,57,12,7,24,5,37,5
"28","CUST_1659","store",85,75,54,80,34,26,68,36,79,61,11,64,24
"29","CUST_145","store",132,16,45,42,109,27,185,60,63,41,16,58,5
"30","CUST_868","store",374,173,151,282,107,80,145,132,293,170,48,243,67
"31","CUST_1656","store",1023,605,558,946,324,291,394,180,941,537,153,984,280
"32","CUST_299","store",122,23,44,39,190,15,127,36,29,47,24,74,5
"33","CUST_849","store",234,167,169,162,153,92,205,120,168,77,25,132,45
"34","CUST_1144","store",196,20,87,68,164,34,193,48,67,42,27,85,5
"35","CUST_1847","store",294,69,268,188,403,67,465,84,69,102,69,239,18
"36","CUST_1420","store",314,133,170,197,232,104,213,60,148,108,22,135,43
"37","CUST_250","store",69,15,58,61,90,21,118,12,28,25,19,39,5
"38","CUST_2000","store",95,16,84,85,147,22,154,24,23,34,30,75,5
"39","CUST_230","store",119,8,72,48,142,10,158,12,9,37,21,71,5
"40","CUST_477","store",63,13,50,70,35,17,87,24,16,29,8,26,5
"41","CUST_567","store",341,82,326,407,398,57,377,108,45,83,74,200,35
"42","CUST_1521","store",129,27,71,59,153,26,216,48,26,42,23,72,5
"43","CUST_1646","store",264,79,239,337,318,60,358,120,42,97,45,211,35
"44","CUST_536","store",83,43,41,69,76,32,60,36,37,26,7,35,10
"45","CUST_1063","store",344,123,323,467,397,81,371,120,39,104,96,233,46
"46","CUST_1148","store",426,224,251,295,346,165,301,144,272,145,31,312,63
"47","CUST_482","store",271,133,164,206,251,97,277,120,136,91,31,162,42
"48","CUST_265","store",24,23,60,93,53,23,91,48,34,31,10,67,15
"49","CUST_1946","store",216,55,147,139,306,47,285,12,60,85,48,138,11
"50","CUST_989","store",52,61,110,205,142,26,204,12,84,68,23,150,21
"51","CUST_1495","store",52,28,74,75,109,21,121,12,55,53,16,75,13
"52","CUST_1425","store",66,9,37,52,79,11,71,12,35,24,6,29,5
"53","CUST_1746","store",245,133,157,244,106,85,119,120,211,114,43,163,56
"54","CUST_735","store",93,55,275,233,203,47,361,108,111,134,32,145,33
"55","CUST_1877","store",72,30,28,62,64,10,57,24,50,34,17,48,9
"56","CUST_746","store",626,303,409,459,411,242,470,156,429,231,57,404,93
"57","CUST_1956","store",279,103,389,452,468,62,412,108,59,92,97,217,32
"58","CUST_997","store",495,176,501,623,510,120,646,84,68,160,103,393,59
"59","CUST_235","store",357,212,195,329,129,104,162,72,326,205,62,370,87
"60","CUST_434","store",167,27,69,41,102,22,148,24,31,33,22,37,5
"61","CUST_1490","store",34,44,62,105,26,9,69,12,17,48,12,51,9
"62","CUST_1206","store",112,24,73,52,69,33,159,12,16,36,11,58,5
"63","CUST_372","store",216,184,100,202,105,57,111,48,226,116,36,190,77
"64","CUST_378","store",42,41,63,126,53,20,156,12,61,42,15,120,19
"65","CUST_1485","store",402,187,205,247,301,152,314,96,207,139,39,193,69
"66","CUST_1372","store",164,87,75,124,66,56,84,2,188,87,23,133,37
"67","CUST_309","store",101,9,74,50,50,27,118,24,15,30,11,26,5
"68","CUST_433","store",121,30,37,35,54,26,85,24,20,30,11,44,5
"69","CUST_61","store",230,114,128,177,83,57,117,156,232,117,34,222,59
"70","CUST_1685","store",58,29,53,73,45,13,69,12,26,36,8,32,6
"71","CUST_225","store",414,104,302,451,378,73,411,72,53,100,62,228,45
"72","CUST_1734","store",112,39,54,76,86,22,75,2,57,37,8,58,16
"73","CUST_968","store",195,69,33,85,104,43,142,48,56,46,10,68,12
"74","CUST_438","store",108,51,38,69,65,34,90,12,43,41,7,51,10
"75","CUST_1134","store",152,71,62,106,41,44,43,24,122,79,16,107,25
"76","CUST_1399","store",124,35,144,139,62,34,162,24,57,54,16,113,31
"77","CUST_1882","store",438,117,560,690,673,37,749,120,106,332,159,523,79
"78","CUST_96","store",48,53,29,82,36,40,50,2,89,53,9,61,14
"79","CUST_615","store",481,249,240,355,331,179,322,144,302,146,34,239,85
"80","CUST_18","store",154,78,95,122,201,57,126,36,64,67,16,109,28
"81","CUST_1048","store",399,145,443,606,547,95,590,132,58,133,128,373,63
"82","CUST_706","store",69,2,20,17,27,6,10,2,2,8,5,7,0
"83","CUST_1302","store",80,69,80,85,97,32,92,24,61,45,15,89,19
"84","CUST_134","store",194,112,112,178,90,62,108,36,205,109,24,204,56
"85","CUST_1378","store",11,2,19,9,13,2,37,2,4,7,6,13,0
"86","CUST_1434","store",127,75,298,392,219,58,400,60,99,125,43,143,29
"87","CUST_1093","store",139,74,57,107,42,39,58,60,101,72,16,125,27
"88","CUST_845","store",154,45,149,248,169,24,206,12,46,32,13,37,11
"89","CUST_1574","store",68,15,40,43,130,24,127,24,37,30,21,91,5
"90","CUST_592","store",313,34,216,156,350,48,462,36,87,97,59,181,14
"91","CUST_358","store",53,3,69,41,97,11,96,2,52,28,10,26,5
"92","CUST_1120","store",94,54,75,131,79,26,122,2,65,73,18,116,24
"93","CUST_1518","store",150,72,90,90,136,45,102,24,95,42,12,75,22
"94","CUST_1929","store",264,60,297,335,265,67,342,72,68,86,62,199,48
"95","CUST_1697","store",268,58,218,350,313,71,374,96,36,68,49,165,30
"96","CUST_1492","store",125,80,68,78,133,34,73,24,54,38,10,62,16
"97","CUST_877","store",35,17,35,37,44,21,31,12,26,12,5,14,5
"98","CUST_65","store",215,85,91,158,60,45,105,96,202,82,28,155,45
"99","CUST_1750","store",158,119,122,143,123,73,142,24,75,85,16,101,31
"100","CUST_1419","store",309,79,242,265,325,70,294,36,34,100,51,207,32
"101","CUST_1363","store",224,33,172,223,248,39,328,36,40,73,47,137,12
"102","CUST_1502","store",113,47,28,50,43,24,68,2,46,21,5,29,8
"103","CUST_447","store",298,150,133,222,73,70,87,108,234,127,34,226,66
"104","CUST_588","store",51,32,40,43,14,15,20,36,33,31,6,49,11
"105","CUST_8","store",141,56,63,81,100,54,85,24,81,43,10,48,27
"106","CUST_139","store",56,36,89,80,49,34,111,24,37,58,11,91,18
"107","CUST_209","store",117,23,148,84,121,30,203,36,40,43,29,86,7
"108","CUST_1620","store",275,170,202,151,269,88,212,12,149,94,28,140,33
"109","CUST_42","store",205,129,132,189,77,43,68,48,201,143,30,233,69
"110","CUST_362","store",72,23,102,117,37,31,156,36,38,54,15,61,8
"111","CUST_182","store",141,29,101,119,115,15,166,60,27,33,35,111,18
"112","CUST_1718","store",155,88,75,144,85,69,135,36,99,74,18,115,28
"113","CUST_972","store",122,39,50,59,29,23,51,36,72,44,8,76,25
"114","CUST_69","store",207,106,112,169,90,53,85,48,177,88,24,154,46
"115","CUST_1869","store",69,11,87,45,125,22,133,48,14,23,16,56,5
"116","CUST_772","store",138,91,200,276,187,47,312,60,82,116,31,143,26
"117","CUST_322","store",86,11,72,48,138,20,169,36,28,28,23,66,5
"118","CUST_1588","store",86,47,84,286,135,9,122,2,34,7,5,11,5
"119","CUST_419","store",143,69,47,102,31,28,69,24,98,58,16,82,26
"120","CUST_1842","store",135,24,125,72,135,37,156,12,34,55,33,84,6
"121","CUST_252","store",44,24,11,27,27,9,30,2,32,10,5,17,6
"122","CUST_950","store",148,44,55,76,29,34,44,12,117,50,12,92,13
"123","CUST_774","store",308,43,245,237,434,61,513,48,65,101,63,163,18
"124","CUST_177","store",304,207,147,192,300,141,257,144,188,105,18,232,46
"125","CUST_841","store",389,120,321,469,416,75,524,120,85,141,82,256,54
"126","CUST_597","store",355,176,209,249,299,130,293,144,181,114,29,177,61
"127","CUST_547","store",54,49,50,48,37,26,60,2,41,22,12,26,9
"128","CUST_1407","store",116,60,108,114,126,30,128,12,64,73,21,115,20
"129","CUST_1416","store",105,70,86,92,89,23,140,24,62,50,16,68,17
"130","CUST_170","store",103,46,103,226,157,27,172,24,76,104,22,120,20
"131","CUST_1157","store",64,4,31,21,68,17,40,12,10,16,8,50,5
"132","CUST_1524","store",94,71,130,114,134,21,169,36,59,53,15,121,22
"133","CUST_1736","store",167,23,117,110,259,38,301,24,48,70,36,139,9
"134","CUST_199","store",259,70,89,139,145,80,164,84,99,64,16,99,31
"135","CUST_1065","store",114,25,60,38,156,42,182,12,45,51,26,87,5
"136","CUST_1595","store",242,93,80,164,37,44,78,2,162,110,28,130,50
"137","CUST_57","store",244,44,332,288,485,39,502,144,54,319,117,449,60
"138","CUST_1388","store",74,55,54,86,36,27,64,24,102,43,12,101,23
"139","CUST_1266","store",64,68,55,85,31,38,40,24,55,46,16,98,23
"140","CUST_1028","store",244,98,105,186,108,65,130,96,184,128,31,230,69
"141","CUST_578","store",361,45,286,193,514,97,643,48,108,111,74,238,16
"142","CUST_1650","store",129,50,61,76,93,46,94,72,69,36,14,60,16
"143","CUST_1175","store",161,64,59,85,115,57,93,48,78,47,7,63,15
"144","CUST_540","store",363,91,257,433,560,23,508,72,57,94,80,152,20
"145","CUST_374","store",80,18,49,71,46,35,65,36,29,30,10,46,10
"146","CUST_318","store",165,51,40,91,41,15,78,72,79,53,19,55,22
"147","CUST_965","store",174,110,88,157,58,46,101,84,148,103,21,172,48
"148","CUST_1480","store",84,38,45,62,80,22,85,24,38,50,12,61,8
"149","CUST_120","store",40,36,14,55,16,13,62,2,24,26,7,42,11
"150","CUST_1679","store",565,186,539,802,596,82,733,168,134,177,117,382,81
"151","CUST_412","store",79,63,141,212,70,52,186,72,53,85,25,133,43
"152","CUST_1552","store",296,144,160,183,207,108,214,168,182,92,28,143,40
"153","CUST_1703","store",343,145,342,542,475,75,516,96,56,120,96,268,42
"154","CUST_1194","store",366,114,351,537,430,69,454,84,52,122,65,216,42
"155","CUST_50","store",34,22,13,23,34,16,18,12,22,11,5,26,5
"156","CUST_1657","store",109,14,130,113,185,13,221,24,21,127,39,182,28
"157","CUST_777","store",151,38,52,98,162,26,148,2,62,53,22,71,7
"158","CUST_1145","store",103,12,78,53,143,14,187,24,28,22,17,61,5
"159","CUST_650","store",160,18,137,75,217,43,294,36,49,57,34,168,9
"160","CUST_1553","store",202,48,213,240,218,40,240,72,56,59,44,145,22
"161","CUST_173","store",515,200,437,791,610,139,812,132,137,175,136,412,62
"162","CUST_987","store",486,148,397,494,557,87,548,96,73,163,101,362,53
"163","CUST_1585","store",412,125,439,592,563,108,530,120,61,113,117,331,55
"164","CUST_1335","store",68,28,59,72,54,14,108,2,20,36,10,65,12
"165","CUST_240","store",80,53,58,94,41,41,52,24,75,49,15,82,30
"166","CUST_1386","store",93,12,107,49,138,26,196,36,41,40,19,92,5
"167","CUST_1571","store",858,325,1070,1362,1185,204,1258,204,162,270,278,781,112
"168","CUST_921","store",132,57,52,102,39,33,67,24,130,55,15,104,27
"169","CUST_1741","store",33,38,30,24,59,32,46,12,40,15,5,22,9
"170","CUST_1406","store",205,24,156,119,284,27,312,12,46,63,53,156,9
"171","CUST_1377","store",53,18,74,98,39,16,67,24,29,40,13,57,6
"172","CUST_1484","store",408,295,297,453,122,149,152,84,409,208,70,439,160
"173","CUST_88","store",32,28,32,45,9,16,46,2,42,25,8,32,10
"174","CUST_1947","store",91,39,93,145,79,32,120,12,31,60,18,87,21
"175","CUST_552","store",274,146,143,171,70,57,113,24,215,127,29,135,52
"176","CUST_445","store",315,164,176,251,328,138,278,84,217,114,27,172,61
"177","CUST_1937","store",235,108,113,176,99,62,135,36,147,100,30,164,45
"178","CUST_1630","store",86,33,40,53,32,21,39,24,90,36,11,82,17
"179","CUST_1875","store",247,116,148,183,233,127,229,132,166,92,20,141,68
"180","CUST_196","store",9,4,37,22,61,5,25,2,6,8,8,9,5
"181","CUST_1381","store",237,35,202,164,330,55,432,60,71,98,53,163,13
"182","CUST_1705","store",154,91,58,77,86,63,62,48,92,43,9,57,22
"183","CUST_62","store",233,160,157,248,119,72,148,60,221,129,36,201,62
"184","CUST_1739","store",157,47,121,228,199,17,151,48,23,37,58,145,19
"185","CUST_1825","store",139,58,112,266,204,33,237,36,24,46,42,119,13
"186","CUST_839","store",224,124,106,207,71,56,125,60,171,78,26,183,55
"187","CUST_1092","store",533,286,240,406,129,142,171,108,461,224,67,435,93
"188","CUST_1454","store",70,74,92,145,74,41,160,60,81,66,15,77,24
"189","CUST_856","store",49,45,31,57,43,26,44,48,41,23,5,31,11
"190","CUST_873","store",92,38,58,81,31,42,57,48,61,31,17,62,13
"191","CUST_1528","store",64,16,119,73,119,7,154,12,19,65,28,131,13
"192","CUST_638","store",62,34,35,45,46,30,50,48,28,15,5,30,7
"193","CUST_1483","store",126,20,92,94,162,27,147,12,29,40,25,123,7
"194","CUST_953","store",188,84,165,345,267,40,231,36,36,62,40,128,14
"195","CUST_522","store",182,88,93,134,47,58,69,24,165,67,24,153,40
"196","CUST_587","store",513,260,257,308,380,188,320,60,286,152,33,236,73
"197","CUST_756","store",225,105,113,155,145,92,173,12,107,70,20,93,35
"198","CUST_601","store",181,36,195,194,302,35,359,36,74,130,74,249,40
"199","CUST_1998","store",494,164,405,847,733,88,740,48,191,59,23,63,14
"200","CUST_329","store",91,49,232,328,164,34,233,2,78,119,39,128,23
"201","CUST_757","store",127,70,51,86,97,35,85,36,69,42,13,67,20
"202","CUST_958","store",60,39,80,75,24,22,86,12,53,22,12,53,12
"203","CUST_1237","store",342,120,193,182,294,113,270,36,141,100,35,175,34
"204","CUST_1777","store",37,29,68,92,21,37,48,36,21,46,10,37,12
"205","CUST_1715","store",41,4,37,30,79,6,69,12,37,13,7,25,5
"206","CUST_1440","store",66,20,25,73,69,6,58,2,16,9,5,11,5
"207","CUST_1723","store",113,65,121,108,129,24,126,24,58,59,25,118,20
"208","CUST_747","store",50,82,38,59,48,31,62,12,87,41,9,98,19
"209","CUST_424","store",34,14,24,61,23,12,26,36,31,22,5,105,8
"210","CUST_1747","store",791,263,836,1110,999,165,1056,156,106,252,199,610,105
"211","CUST_1526","store",185,118,94,184,44,54,81,24,159,114,25,167,48
"212","CUST_795","store",136,59,57,86,51,42,70,36,122,48,12,81,22
"213","CUST_808","store",402,77,495,484,744,45,780,180,108,432,156,560,94
"214","CUST_869","store",35,9,25,75,122,3,152,12,9,8,19,23,5
"215","CUST_1601","store",101,60,82,102,46,27,80,48,72,63,18,101,20
"216","CUST_762","store",113,20,131,78,237,25,189,12,46,41,31,73,7
"217","CUST_665","store",79,7,56,46,65,15,129,24,36,21,12,54,5
"218","CUST_1318","store",44,57,29,43,27,25,31,12,53,29,12,44,8
"219","CUST_421","store",57,24,75,81,87,10,103,2,31,35,7,64,12
"220","CUST_1704","store",512,250,257,326,440,194,346,84,263,166,39,218,68
"221","CUST_351","store",169,17,253,199,316,19,380,24,34,229,84,229,38
"222","CUST_1005","store",42,7,12,64,19,20,60,2,22,8,6,36,5
"223","CUST_1185","store",200,141,121,236,101,52,81,48,220,120,36,340,70
"224","CUST_1154","store",125,14,95,84,178,26,209,12,31,31,27,64,5
"225","CUST_151","store",407,233,196,348,131,112,163,36,383,221,59,386,107
"226","CUST_1181","store",84,37,84,131,65,29,155,72,62,76,23,97,20
"227","CUST_1455","store",396,231,275,398,200,131,193,108,275,212,63,289,79
"228","CUST_486","store",114,22,198,182,305,21,358,36,64,144,69,230,39
"229","CUST_91","store",78,43,99,94,92,37,149,36,65,65,16,113,16
"230","CUST_1349","store",45,19,49,93,54,14,104,2,27,33,12,37,10
"231","CUST_1091","store",40,30,98,107,46,36,121,12,38,35,14,74,14
"232","CUST_1606","store",255,110,83,200,88,70,129,48,205,124,34,210,46
"233","CUST_204","store",19,12,12,28,22,9,10,2,23,13,5,44,12
"234","CUST_422","store",38,30,62,85,38,14,53,2,21,28,14,63,11
"235","CUST_916","store",61,47,26,44,15,16,18,12,54,26,10,65,20
"236","CUST_805","store",586,209,633,840,804,115,742,132,70,179,155,549,64
"237","CUST_135","store",36,26,62,101,69,17,87,2,47,36,13,68,8
"238","CUST_41","store",29,23,53,52,30,16,77,24,19,37,7,51,8
"239","CUST_105","store",79,98,240,372,168,35,330,60,85,104,33,149,32
"240","CUST_281","store",136,87,88,159,75,37,97,24,120,74,18,127,41
"241","CUST_514","store",240,118,145,187,113,53,121,60,182,101,28,214,53
"242","CUST_894","store",382,71,195,403,405,20,621,12,56,93,79,109,10
"243","CUST_423","store",118,48,80,120,136,27,123,2,22,36,21,71,12
"244","CUST_941","store",623,331,223,425,474,231,506,120,261,191,60,289,105
"245","CUST_1397","store",198,107,109,146,55,49,77,12,149,89,25,162,36
"246","CUST_1174","store",98,32,48,48,83,25,66,36,40,30,9,36,10
"247","CUST_1209","store",161,47,54,89,145,42,202,12,40,50,24,75,5
"248","CUST_10","store",80,4,55,61,78,27,104,24,20,20,17,48,5
"249","CUST_1906","store",125,77,66,108,44,35,41,24,131,68,16,127,36
"250","CUST_1301","store",66,17,53,51,62,15,115,12,20,24,18,51,5
"251","CUST_435","store",80,39,55,87,32,27,38,12,73,38,16,78,25
"252","CUST_1264","store",537,314,343,553,277,177,347,180,499,308,81,532,142
"253","CUST_1890","store",265,129,139,190,186,115,170,2,148,96,27,107,40
"254","CUST_1580","store",66,30,60,86,62,19,107,60,42,45,11,98,15
"255","CUST_1254","store",57,5,11,31,19,19,64,2,52,30,7,21,5
"256","CUST_1808","store",390,82,241,331,346,38,432,96,47,85,69,138,10
"257","CUST_1992","store",99,67,146,167,135,24,115,72,31,24,38,77,17
"258","CUST_30","store",162,56,98,349,208,28,217,2,45,30,13,38,8
"259","CUST_1306","store",63,23,37,28,76,17,93,12,13,22,13,25,5
"260","CUST_718","store",80,10,19,30,81,14,70,36,9,18,5,26,5
"261","CUST_1152","store",134,63,152,391,315,16,280,24,38,16,6,23,5
"262","CUST_1225","store",51,4,36,24,44,6,66,12,15,17,13,16,5
"263","CUST_1972","store",210,79,208,398,379,39,376,36,76,27,12,43,8
"264","CUST_55","store",129,63,53,97,59,31,95,12,127,58,17,84,29
"265","CUST_375","store",58,33,104,102,59,54,125,12,41,56,13,102,25
"266","CUST_1114","store",75,60,122,81,100,22,146,2,41,46,13,107,23
"267","CUST_576","store",545,190,496,750,594,112,669,168,93,175,112,360,74
"268","CUST_1865","store",45,3,19,18,37,6,55,2,10,15,6,34,5
"269","CUST_1856","store",36,4,23,13,36,8,40,2,4,11,8,14,5
"270","CUST_1508","store",286,67,145,227,377,13,387,36,52,70,50,109,6
"271","CUST_1843","store",54,39,42,36,29,19,44,2,27,17,5,16,8
"272","CUST_1081","store",27,15,47,70,24,22,45,2,33,21,5,38,13
"273","CUST_532","store",35,39,78,111,74,13,113,12,55,43,10,58,12
"274","CUST_500","store",123,38,42,53,44,48,84,12,100,43,10,44,12
"275","CUST_1544","store",219,150,166,230,95,72,101,12,230,133,36,161,68
"276","CUST_988","store",160,11,109,60,79,24,182,2,25,50,31,59,5
"277","CUST_332","store",215,32,123,122,212,43,261,2,60,63,36,106,9
"278","CUST_1820","store",115,19,64,45,162,21,172,12,49,47,16,94,5
"279","CUST_1995","store",219,19,178,156,280,13,267,36,44,154,50,225,32
"280","CUST_1227","store",227,47,94,114,151,35,253,24,62,75,44,103,9
"281","CUST_1033","store",191,18,187,93,328,34,304,12,48,80,53,142,6
"282","CUST_1499","store",41,19,17,21,8,11,16,12,37,15,5,15,12
"283","CUST_593","store",110,40,132,140,55,37,165,24,53,81,16,122,25
"284","CUST_1054","store",265,112,410,335,339,58,400,72,75,81,76,292,34
"285","CUST_1147","store",244,32,248,240,421,18,438,84,66,200,101,281,64
"286","CUST_842","store",623,208,656,770,930,127,885,144,110,205,148,528,104
"287","CUST_1096","store",245,43,92,205,214,11,349,24,33,60,37,51,5
"288","CUST_1721","store",191,34,140,120,255,40,253,2,39,70,34,124,9
"289","CUST_436","store",163,46,161,274,202,13,225,24,61,25,11,31,7
"290","CUST_817","store",159,28,154,170,253,23,237,48,32,137,43,182,24
"291","CUST_1236","store",81,54,119,123,66,29,137,12,53,48,18,71,23
"292","CUST_957","store",94,59,122,170,92,52,216,60,107,87,25,146,31
"293","CUST_1079","store",84,59,67,61,115,38,99,2,45,32,13,58,20
"294","CUST_728","store",188,96,102,127,155,62,144,12,97,66,18,83,30
"295","CUST_590","store",624,397,668,663,723,170,855,348,397,397,117,700,137
"296","CUST_190","store",217,142,219,204,235,64,273,72,166,130,38,243,43
"297","CUST_454","store",164,108,88,104,96,60,99,132,75,50,9,87,21
"298","CUST_707","store",62,17,34,47,62,14,106,2,12,22,11,25,5
"299","CUST_535","store",86,54,72,81,49,18,116,2,40,39,15,68,12
"300","CUST_138","store",366,201,177,475,189,105,168,84,284,236,53,390,102
"301","CUST_959","store",34,15,45,62,18,14,73,2,21,28,9,27,7
"302","CUST_200","store",705,444,490,505,768,317,623,96,438,268,65,324,144
"303","CUST_1598","store",447,162,535,579,573,101,643,120,150,156,99,345,84
"304","CUST_1876","store",92,19,39,39,54,8,95,2,18,27,12,29,5
"305","CUST_1001","store",115,62,85,80,107,15,108,2,60,66,12,124,21
"306","CUST_1965","store",88,9,41,33,110,14,80,2,24,29,19,33,5
"307","CUST_622","store",39,5,26,19,30,5,95,24,8,12,5,9,5
"308","CUST_730","store",209,111,101,165,62,62,59,36,192,113,34,189,51
"309","CUST_1238","store",225,30,125,114,209,25,298,12,42,64,33,112,10
"310","CUST_1778","store",27,33,51,62,73,8,64,2,23,17,11,46,17
"311","CUST_943","store",180,103,104,167,203,69,149,2,104,72,16,95,37
"312","CUST_613","store",47,8,61,29,110,16,130,12,11,16,19,39,5
"313","CUST_833","store",75,27,33,76,23,21,24,12,87,46,10,75,19
"314","CUST_610","store",1017,550,537,698,928,407,698,288,585,333,79,507,169
"315","CUST_1807","store",153,106,59,110,37,54,32,2,122,53,21,154,30
"316","CUST_1452","store",46,28,49,98,49,21,104,2,32,36,15,74,21
"317","CUST_218","store",270,97,281,337,348,54,315,12,57,92,66,188,31
"318","CUST_1127","store",204,79,88,113,138,56,154,84,102,60,15,103,31
"319","CUST_1641","store",208,102,123,213,58,61,65,36,212,114,39,204,74
"320","CUST_1617","store",199,64,242,381,181,26,277,84,21,59,36,89,33
"321","CUST_221","store",415,232,165,349,125,84,147,144,300,186,49,291,110
"322","CUST_222","store",71,29,53,67,48,32,75,12,33,45,15,67,11
"323","CUST_1068","store",21,11,62,63,73,13,74,2,17,21,7,15,10
"324","CUST_268","store",89,43,120,162,134,26,188,2,53,69,17,63,17
"325","CUST_276","store",567,196,732,805,704,141,761,84,55,177,109,441,47
"326","CUST_319","store",327,88,175,506,357,56,364,2,87,49,23,44,11
"327","CUST_770","store",221,64,276,282,331,35,379,48,57,165,65,220,42
"328","CUST_1160","store",355,69,265,417,480,33,675,84,33,79,98,108,9
"329","CUST_1523","store",565,171,496,835,681,116,800,192,123,196,125,461,68
"330","CUST_1813","store",118,69,76,105,44,24,54,60,135,65,26,106,41
"331","CUST_961","store",49,30,60,79,47,21,94,12,31,50,13,69,15
"332","CUST_1784","store",102,70,45,96,54,50,47,24,106,67,25,112,34
"333","CUST_132","store",139,65,63,99,94,50,120,84,119,55,14,57,18
"334","CUST_897","store",30,13,51,10,56,14,54,2,56,11,11,38,5
"335","CUST_1177","store",134,42,198,239,199,44,275,2,84,91,26,118,16
"336","CUST_1590","store",68,23,48,58,9,16,41,12,65,36,8,71,17
"337","CUST_1551","store",217,37,147,332,284,25,439,12,32,55,63,69,6
"338","CUST_137","store",198,100,67,81,53,30,63,24,138,70,20,110,27
"339","CUST_1311","store",191,15,176,83,245,41,265,24,50,63,47,138,7
"340","CUST_1653","store",101,19,171,138,183,13,184,2,21,122,42,111,17
"341","CUST_1338","store",78,38,59,69,84,29,63,60,51,32,8,61,14
"342","CUST_1246","store",768,383,406,659,561,352,647,156,464,265,75,406,137
"343","CUST_531","store",298,88,260,384,362,60,380,84,39,85,74,245,40
"344","CUST_731","store",97,37,43,50,27,23,31,24,66,37,17,75,26
"345","CUST_147","store",306,101,286,382,250,60,446,48,42,98,45,209,43
"346","CUST_1858","store",38,32,17,18,10,9,10,2,34,18,6,37,12
"347","CUST_271","store",238,45,183,90,255,57,284,24,54,87,51,112,11
"348","CUST_1108","store",570,286,332,365,541,203,417,60,297,156,45,243,112
"349","CUST_1087","store",263,128,153,182,212,110,251,48,85,96,25,121,45
"350","CUST_604","store",125,74,59,75,52,22,44,2,115,48,14,81,19
"351","CUST_1500","store",245,116,122,172,233,80,178,36,134,81,21,152,40
"352","CUST_1479","store",10,2,16,7,19,2,6,2,2,7,5,5,0
"353","CUST_1536","store",76,53,118,204,81,57,199,24,64,86,19,121,26
"354","CUST_1109","store",261,41,160,126,260,58,443,24,59,78,54,167,12
"355","CUST_627","store",32,32,39,63,68,12,75,12,29,22,10,54,8
"356","CUST_1829","store",128,61,132,110,152,15,122,24,27,43,28,62,18
"357","CUST_217","store",284,138,258,253,284,72,327,48,152,162,48,267,50
"358","CUST_1626","store",167,59,82,107,90,46,133,24,88,47,14,72,19
"359","CUST_81","store",172,27,142,87,221,37,250,12,35,54,38,124,9
"360","CUST_298","store",40,14,74,81,32,18,76,2,19,39,7,53,10
"361","CUST_1798","store",138,45,73,118,54,35,81,96,111,72,20,103,44
"362","CUST_238","store",149,27,147,107,246,27,221,12,32,58,43,116,8
"363","CUST_956","store",379,58,316,264,495,84,606,48,97,132,88,248,21
"364","CUST_1707","store",81,37,103,169,65,35,136,12,40,60,20,114,28
"365","CUST_1779","store",40,36,45,84,53,39,126,2,61,36,19,78,11
"366","CUST_1255","store",17,11,50,64,41,8,48,2,20,18,7,20,6
"367","CUST_1949","store",159,76,64,112,44,38,66,60,111,69,23,111,33
"368","CUST_1936","store",36,18,45,70,27,25,72,2,18,34,9,50,13
"369","CUST_861","store",78,39,33,44,51,22,47,2,26,19,5,25,7
"370","CUST_360","store",124,59,61,81,58,17,57,24,83,62,11,105,26
"371","CUST_1893","store",121,65,36,74,45,27,55,72,69,51,11,118,23
"372","CUST_310","store",234,32,95,247,235,10,315,12,53,54,41,72,6
"373","CUST_1952","store",125,31,138,177,252,13,263,2,26,132,50,141,26
"374","CUST_1647","store",160,94,94,122,127,67,127,2,99,51,13,88,24
"375","CUST_1852","store",48,8,55,23,73,12,87,2,13,22,13,56,5
"376","CUST_115","store",174,16,84,37,195,40,154,12,19,38,15,54,5
"377","CUST_1071","store",134,52,46,53,58,15,45,2,36,32,5,25,16
"378","CUST_994","store",225,90,202,256,279,44,242,12,62,69,53,168,30
"379","CUST_1611","store",102,69,187,213,78,55,217,120,95,111,24,179,48
"380","CUST_1496","store",104,15,131,126,288,20,267,2,42,146,50,133,25
"381","CUST_383","store",72,64,118,141,90,33,152,60,53,62,12,118,23
"382","CUST_1488","store",140,84,101,113,58,68,101,60,113,86,24,119,36
"383","CUST_1584","store",690,130,264,562,607,25,619,48,38,154,105,215,15
"384","CUST_656","store",174,89,217,206,105,77,275,36,85,122,30,176,45
"385","CUST_35","store",92,46,72,58,27,31,49,2,34,29,10,65,8
"386","CUST_357","store",249,107,248,324,306,52,345,84,40,86,67,192,29
"387","CUST_1073","store",93,41,55,62,29,27,38,24,70,54,13,79,23
"388","CUST_1967","store",116,40,30,70,36,34,76,24,63,51,14,60,16
"389","CUST_787","store",577,327,362,567,287,152,341,216,468,306,85,526,144
"390","CUST_1684","store",18,18,34,47,27,5,52,12,10,26,5,24,5
"391","CUST_1897","store",139,85,154,184,62,41,214,2,100,90,19,155,32
"392","CUST_1278","store",275,118,128,154,266,80,169,72,155,73,16,102,32
"393","CUST_689","store",390,139,348,394,423,61,435,96,56,116,84,281,36
"394","CUST_607","store",143,61,75,110,49,27,71,72,107,50,21,104,31
"395","CUST_489","store",61,42,114,133,74,28,96,2,32,61,14,47,16
"396","CUST_237","store",175,39,209,204,174,27,271,2,42,162,57,193,21
"397","CUST_1702","store",178,69,101,152,57,45,88,2,145,84,23,134,60
"398","CUST_152","store",45,2,20,11,56,9,111,2,9,15,10,14,5
"399","CUST_1080","store",203,38,141,108,262,31,316,2,60,71,39,100,10
"400","CUST_1538","store",326,130,310,598,526,49,522,2,119,40,16,67,11
"401","CUST_1481","store",122,24,63,51,99,15,120,12,35,40,17,48,5
"402","CUST_1542","store",47,34,47,114,169,5,86,2,18,4,5,13,5
"403","CUST_97","store",99,18,97,68,133,23,156,2,26,32,22,64,6
"404","CUST_1581","store",477,175,442,691,656,112,680,132,141,164,109,383,80
"405","CUST_1533","store",21,7,49,37,37,5,25,2,12,29,7,25,5
"406","CUST_1667","store",105,15,84,51,84,21,121,2,14,39,16,47,5
"407","CUST_89","store",62,8,56,24,78,10,131,12,9,26,10,52,5
"408","CUST_525","store",51,46,73,137,48,32,126,2,55,56,15,101,16
"409","CUST_1851","store",71,44,39,58,46,32,35,2,40,27,5,54,16
"410","CUST_1457","store",64,33,108,102,124,14,177,12,24,82,34,81,13
"411","CUST_202","store",123,66,130,202,200,34,232,12,68,92,35,183,18
"412","CUST_106","store",15,9,59,69,32,8,56,2,21,20,6,29,6
"413","CUST_1692","store",399,210,407,381,392,85,505,12,253,226,64,414,82
"414","CUST_315","store",278,162,127,224,57,64,86,24,261,130,43,243,65
"415","CUST_1857","store",152,102,111,147,195,90,170,12,144,62,17,102,32
"416","CUST_521","store",369,140,352,462,440,80,485,108,66,132,81,275,44
"417","CUST_701","store",327,26,217,115,380,67,439,2,76,87,63,193,10
"418","CUST_77","store",64,34,34,67,35,28,57,2,24,41,6,41,12
"419","CUST_539","store",238,121,122,162,182,84,217,12,107,92,26,111,34
"420","CUST_1061","store",479,136,439,552,582,100,645,72,56,158,117,328,60
"421","CUST_1038","store",85,52,187,161,151,39,158,12,83,93,23,118,22
"422","CUST_793","store",204,117,72,165,62,60,70,2,191,94,25,182,61
"423","CUST_1835","store",73,31,42,57,16,22,29,2,67,33,10,54,13
"424","CUST_1939","store",188,36,113,99,247,48,361,12,54,72,48,164,10
"425","CUST_229","store",89,39,70,108,53,38,103,2,83,63,17,99,19
"426","CUST_1519","store",25,13,26,27,30,15,59,2,21,18,7,40,11
"427","CUST_1262","store",56,33,64,99,65,18,87,2,16,43,9,27,12
"428","CUST_603","store",62,37,103,116,40,17,106,2,34,52,15,81,19
"429","CUST_851","store",148,10,66,68,175,27,215,2,38,40,25,82,5
"430","CUST_1310","store",288,96,314,400,277,74,410,84,102,111,70,249,48
"431","CUST_1022","store",240,77,181,325,244,47,354,60,26,59,59,187,27
"432","CUST_36","store",246,65,114,442,310,25,312,72,60,27,7,25,7
"433","CUST_1674","store",205,84,113,173,86,49,118,12,125,100,34,151,41
"434","CUST_829","store",96,14,70,33,89,25,116,2,24,35,23,53,5
"435","CUST_1472","store",91,79,44,57,85,33,92,2,70,36,6,38,17
"436","CUST_203","store",131,41,107,152,187,22,146,2,34,27,8,34,9
"437","CUST_986","store",102,72,61,62,72,50,69,48,61,38,9,70,14
"438","CUST_1830","store",315,71,195,377,356,25,577,36,37,66,89,122,11
"439","CUST_715","store",328,106,401,461,374,78,435,60,81,126,70,230,46
"440","CUST_976","store",110,22,38,61,56,12,74,2,18,21,14,31,5
"441","CUST_1983","store",853,488,489,810,357,234,414,204,750,455,130,820,231
"442","CUST_1942","store",201,48,83,95,157,36,228,12,39,49,26,83,6
"443","CUST_1501","store",99,69,57,85,19,22,73,48,98,62,12,73,23
"444","CUST_352","store",306,63,364,358,519,40,569,12,87,318,118,385,66
"445","CUST_803","store",448,159,548,675,664,139,670,96,107,168,156,397,75
"446","CUST_82","store",845,153,397,803,811,42,1352,108,76,209,170,249,22
"447","CUST_1543","store",52,3,40,12,35,14,49,2,8,13,10,19,0
"448","CUST_1596","store",60,34,67,72,70,18,98,12,47,32,17,55,7
"449","CUST_1202","store",243,27,211,99,323,52,362,12,42,78,52,164,8
"450","CUST_233","store",151,22,114,84,227,29,236,2,87,62,42,111,9
"451","CUST_1639","store",81,37,79,166,56,37,122,12,32,72,13,117,20
"452","CUST_1894","store",226,138,162,240,100,72,151,12,245,134,39,217,69
"453","CUST_970","store",124,51,53,75,98,47,78,60,59,42,8,40,17
"454","CUST_1493","store",723,147,357,671,843,35,790,96,81,179,122,198,22
"455","CUST_146","store",139,15,68,68,122,15,245,12,15,75,21,123,16
"456","CUST_355","store",222,104,96,152,59,75,69,2,175,92,26,183,44
"457","CUST_112","store",257,39,190,139,288,50,357,12,50,87,48,170,15
"458","CUST_1069","store",173,25,131,99,152,10,205,12,29,100,34,117,19
"459","CUST_1167","store",212,46,170,67,256,47,263,2,75,56,41,110,6
"460","CUST_220","store",303,102,288,426,462,39,450,2,90,42,19,62,10
"461","CUST_1375","store",169,53,161,276,233,35,239,48,41,54,39,173,23
"462","CUST_1575","store",823,319,824,1193,1072,143,1024,108,183,302,196,693,107
"463","CUST_977","store",170,112,85,122,77,36,75,84,146,89,21,175,41
"464","CUST_652","store",201,62,167,240,265,41,311,12,77,30,13,37,6
"465","CUST_490","store",304,42,138,274,306,15,365,2,31,79,70,93,10
"466","CUST_1898","store",138,80,79,129,43,46,64,84,154,78,23,146,37
"467","CUST_9","store",268,64,173,283,209,45,269,60,42,86,52,181,17
"468","CUST_843","store",70,47,21,54,40,20,37,36,49,24,9,50,13
"469","CUST_296","store",193,115,321,472,262,48,450,108,182,179,64,255,38
"470","CUST_648","store",54,8,48,113,166,9,88,12,14,53,26,83,10
"471","CUST_248","store",100,16,97,61,134,29,175,12,40,34,21,42,7
"472","CUST_1149","store",82,49,104,123,76,26,127,2,64,80,15,104,26
"473","CUST_727","store",87,38,26,43,47,34,67,12,38,29,5,34,11
"474","CUST_116","store",130,19,86,66,146,23,228,2,36,57,35,76,5
"475","CUST_1534","store",146,38,80,124,59,29,106,36,23,41,19,60,11
"476","CUST_1961","store",361,123,313,664,519,53,554,132,147,32,19,43,10
"477","CUST_1510","store",75,55,59,77,47,24,36,2,89,39,12,63,26
"478","CUST_1247","store",264,46,170,102,258,45,270,2,45,77,45,124,8
"479","CUST_527","store",94,72,45,73,24,21,46,2,58,37,13,48,18
"480","CUST_1938","store",81,37,44,97,34,13,41,2,56,49,12,89,25
"481","CUST_494","store",142,74,86,89,105,39,103,12,73,48,13,61,17
"482","CUST_1350","store",383,210,198,344,143,125,186,24,357,211,50,299,111
"483","CUST_1717","store",85,38,139,153,158,20,141,24,19,32,19,104,18
"484","CUST_371","store",197,102,89,165,63,39,63,12,167,95,28,183,61
"485","CUST_365","store",74,9,33,54,130,12,137,2,15,24,13,58,5
"486","CUST_415","store",142,53,71,125,42,49,52,72,119,74,24,145,39
"487","CUST_1358","store",211,58,322,281,293,51,252,96,45,72,60,151,20
"488","CUST_860","store",49,66,300,265,212,47,281,48,78,100,33,159,30
"489","CUST_600","store",107,38,145,198,94,32,188,12,38,88,19,98,20
"490","CUST_1362","store",78,36,86,112,90,17,124,2,69,33,23,38,9
"491","CUST_1297","store",49,19,64,64,70,11,129,2,38,52,10,52,6
"492","CUST_543","store",118,34,70,86,92,26,95,2,74,32,11,67,16
"493","CUST_1230","store",241,41,169,168,322,44,368,12,79,92,54,135,12
"494","CUST_1756","store",137,51,94,294,206,26,241,2,53,21,13,38,7
"495","CUST_1367","store",41,7,27,35,110,14,70,24,24,15,15,31,5
"496","CUST_1823","store",82,38,104,188,114,13,84,12,25,18,8,22,5
"497","CUST_910","store",28,4,41,29,80,9,71,12,7,14,6,41,5
"498","CUST_565","store",130,23,82,61,128,28,178,2,24,58,23,88,5
"499","CUST_369","store",4,2,2,4,24,3,8,2,2,2,0,9,0
"500","CUST_51","store",251,67,329,368,429,60,352,48,36,77,63,213,45
"501","CUST_1815","store",267,80,318,430,385,58,370,24,33,98,72,229,33
"502","CUST_1930","store",12,12,69,73,42,9,47,2,20,19,7,41,5
"503","CUST_70","store",216,49,233,234,196,16,343,12,72,164,69,249,29
"504","CUST_1915","store",149,76,74,81,149,49,117,12,102,45,12,59,18
"505","CUST_66","store",231,22,84,208,174,7,208,36,23,51,39,55,6
"506","CUST_25","store",220,95,84,157,41,48,75,2,173,84,24,183,48
"507","CUST_1822","store",330,104,393,432,431,74,478,84,85,123,82,200,52
"508","CUST_1984","store",100,67,64,83,82,40,68,24,62,44,8,56,15
"509","CUST_1424","store",1317,448,1258,1917,1641,302,1901,156,381,470,330,1047,211
"510","CUST_1903","store",173,62,89,219,196,15,245,2,67,27,7,33,5
"511","CUST_1582","store",120,15,74,68,154,22,155,2,21,48,24,50,7
"512","CUST_1982","store",168,36,74,228,274,8,414,2,23,42,46,58,5
"513","CUST_699","store",124,98,131,155,150,56,209,12,116,62,24,128,28
"514","CUST_1557","store",157,19,112,69,164,28,215,2,28,41,27,68,9
"515","CUST_1921","store",57,34,59,100,54,17,103,2,35,44,12,78,14
"516","CUST_1850","store",113,9,43,29,63,11,68,2,55,30,15,34,5
"517","CUST_1304","store",147,57,128,198,198,32,165,12,38,46,38,94,16
"518","CUST_1755","store",234,33,76,225,192,8,327,2,33,53,56,54,7
"519","CUST_742","store",209,53,197,379,266,38,235,2,78,38,17,42,9
"520","CUST_1023","store",127,21,96,88,188,25,224,2,34,30,18,91,8
"521","CUST_1443","store",509,148,407,621,742,137,692,180,95,156,137,379,79
"522","CUST_1409","store",377,226,239,342,190,108,221,132,296,205,43,345,93
"523","CUST_1565","store",43,5,31,19,83,16,76,2,8,20,5,41,5
"524","CUST_1987","store",104,10,83,36,144,20,151,48,20,34,22,76,5
"525","CUST_1368","store",51,35,48,43,35,21,86,2,48,18,8,39,12
"526","CUST_1899","store",74,21,21,64,66,3,90,2,7,15,16,26,5
"527","CUST_783","store",15,11,29,63,40,8,33,2,13,22,5,31,5
"528","CUST_1394","store",92,31,77,128,107,27,129,2,16,36,23,74,8
"529","CUST_1531","store",149,29,207,204,270,21,261,2,43,171,63,163,48
"530","CUST_758","store",674,184,443,613,528,104,624,108,112,227,133,336,73
"531","CUST_974","store",59,52,68,84,64,21,43,2,61,47,15,62,18
"532","CUST_761","store",131,72,70,122,54,25,61,72,124,64,20,115,33
"533","CUST_633","store",183,28,101,77,242,54,244,2,79,51,35,115,8
"534","CUST_1991","store",75,41,48,72,55,19,125,2,49,23,18,29,6
"535","CUST_169","store",88,23,16,39,30,25,67,2,34,24,12,32,5
"536","CUST_101","store",94,52,41,71,27,22,37,60,57,42,12,59,16
"537","CUST_708","store",244,51,181,265,289,19,441,12,32,65,57,96,10
"538","CUST_386","store",230,33,148,149,248,37,399,36,62,85,41,101,13
"539","CUST_767","store",417,260,233,404,177,132,175,72,485,238,64,394,120
"540","CUST_330","store",338,189,190,214,83,92,113,96,301,144,43,273,93
"541","CUST_1331","store",195,119,195,165,196,35,229,2,116,117,30,201,34
"542","CUST_417","store",74,50,43,76,21,17,29,2,92,37,13,96,24
"543","CUST_574","store",244,27,182,198,391,38,364,2,33,81,54,115,12
"544","CUST_963","store",77,24,30,39,61,44,55,12,45,15,5,33,10
"545","CUST_399","store",233,20,132,84,192,55,294,2,36,51,33,84,5
"546","CUST_906","store",58,44,155,150,178,21,158,2,75,86,27,109,17
"547","CUST_1737","store",335,104,293,498,356,76,383,96,59,110,65,243,48
"548","CUST_1382","store",178,28,85,57,186,30,240,2,29,49,29,60,5
"549","CUST_1042","store",158,45,99,88,216,46,143,2,40,47,24,114,8
"550","CUST_174","store",103,67,48,50,17,16,33,2,72,48,12,61,21
"551","CUST_1190","store",74,36,99,87,67,17,93,2,49,48,11,73,14
"552","CUST_450","store",300,142,170,193,267,101,209,2,164,92,21,159,39
"553","CUST_836","store",190,35,292,241,304,28,400,2,40,270,86,248,46
"554","CUST_964","store",485,243,275,400,171,142,221,144,420,260,77,407,114
"555","CUST_1337","store",119,58,93,116,166,51,114,2,149,62,22,102,26
"556","CUST_1910","store",44,22,59,73,38,17,97,2,41,38,9,49,14
"557","CUST_1945","store",93,64,49,83,31,33,49,96,111,64,12,96,28
"558","CUST_827","store",104,15,85,66,164,17,115,2,31,34,31,100,5
"559","CUST_900","store",101,60,123,115,114,44,163,2,93,69,16,105,19
"560","CUST_337","store",222,68,177,332,268,55,213,72,24,63,67,173,34
"561","CUST_947","store",36,17,13,33,12,12,13,2,39,15,5,40,6
"562","CUST_231","store",32,33,46,59,60,16,54,2,26,21,9,71,14
"563","CUST_1870","store",123,62,108,126,175,31,154,2,91,78,27,139,34
"564","CUST_1198","store",515,229,304,503,239,145,325,36,386,241,79,453,112
"565","CUST_1332","store",13,4,20,11,53,8,50,2,9,11,10,24,5
"566","CUST_1164","store",177,79,92,140,59,40,79,2,136,89,23,168,43
"567","CUST_1748","store",109,34,67,90,185,19,164,2,29,47,32,82,6
"568","CUST_1632","store",147,39,101,249,170,21,326,2,42,14,6,28,5
"569","CUST_491","store",243,25,124,161,267,61,306,2,55,70,46,118,10
"570","CUST_74","store",57,31,21,49,32,14,22,2,30,30,8,39,14
"571","CUST_395","store",167,25,221,256,342,17,393,2,37,179,56,322,40
"572","CUST_311","store",501,142,587,809,663,122,714,132,67,149,146,453,62
"573","CUST_461","store",158,27,55,107,158,8,213,2,35,42,30,48,7
"574","CUST_624","store",41,23,69,164,106,17,118,2,35,61,16,91,12
"575","CUST_618","store",317,68,165,317,456,28,443,2,38,77,33,78,7
"576","CUST_1341","store",1019,193,501,911,1020,61,1291,84,127,266,193,323,38
"577","CUST_1072","store",234,52,157,148,274,49,406,2,67,79,57,185,13
"578","CUST_213","store",151,34,122,55,154,50,215,2,39,57,30,83,5
"579","CUST_1151","store",352,137,294,420,401,97,434,24,50,101,76,221,39
"580","CUST_1729","store",250,73,271,357,329,57,427,84,62,84,57,185,35
"581","CUST_283","store",774,230,747,1100,1040,150,983,132,158,226,175,562,103
"582","CUST_992","store",344,152,462,655,613,108,520,144,88,139,124,427,49
"583","CUST_654","store",98,43,50,73,35,15,28,60,60,48,9,91,21
"584","CUST_1908","store",104,11,67,52,96,22,149,84,18,28,22,79,6
"585","CUST_1791","store",228,73,269,345,216,48,377,108,34,62,58,194,30
"586","CUST_87","store",521,67,204,481,462,20,787,36,45,120,113,103,12
"587","CUST_725","store",107,34,130,128,193,33,222,2,47,36,35,84,12
"588","CUST_1187","store",58,24,54,57,46,21,106,24,22,45,9,62,9
"589","CUST_476","store",120,22,137,138,283,11,222,24,28,128,30,159,31
"590","CUST_874","store",70,13,136,103,137,24,191,2,24,66,32,153,23
"591","CUST_1220","store",293,40,227,201,431,61,497,12,105,81,80,202,13
"592","CUST_865","store",633,237,787,949,905,147,917,132,146,230,186,596,110
"593","CUST_481","store",57,36,65,71,95,20,146,2,22,40,26,42,6
"594","CUST_1560","store",328,79,354,387,345,61,414,96,48,105,70,247,42
"595","CUST_429","store",105,43,40,58,39,34,90,2,59,28,9,48,11
"596","CUST_537","store",409,151,394,519,613,96,588,120,76,155,95,362,64
"597","CUST_29","store",146,38,78,166,130,8,261,2,14,37,41,62,6
"598","CUST_862","store",88,31,85,109,72,19,131,2,45,32,15,66,8
"599","CUST_1900","store",160,46,160,201,303,30,308,84,66,110,66,188,39
"600","CUST_524","store",262,49,177,140,270,68,364,2,86,80,49,163,14
"601","CUST_1845","store",42,15,60,85,75,24,118,2,66,28,12,35,10
"602","CUST_418","store",257,97,148,244,143,99,233,48,233,127,47,270,85
"603","CUST_72","store",391,172,423,460,447,101,412,96,92,127,81,293,55
"604","CUST_1716","store",46,29,83,104,32,26,63,2,30,40,10,48,14
"605","CUST_16","store",129,59,70,82,53,52,64,84,37,49,11,48,19
"606","CUST_1019","store",121,17,170,107,250,7,234,2,16,113,52,172,21
"607","CUST_1482","store",171,108,149,151,170,52,203,2,97,90,27,139,23
"608","CUST_1442","store",4,2,2,4,12,2,15,2,2,7,0,9,0
"609","CUST_703","store",83,12,103,90,186,15,159,2,16,86,31,153,25
"610","CUST_168","store",253,68,315,320,452,28,537,2,86,261,114,380,49
"611","CUST_1743","store",249,99,136,150,161,74,141,2,161,74,18,117,38
"612","CUST_1158","store",210,55,136,249,197,36,239,24,49,61,42,155,29
"613","CUST_1563","store",115,53,43,50,67,28,59,48,33,33,6,35,14
"614","CUST_1712","store",70,16,33,31,32,22,115,36,28,26,17,48,5
"615","CUST_1516","store",245,58,275,322,447,35,453,12,59,219,67,291,60
"616","CUST_658","store",160,42,115,228,179,18,240,2,44,14,5,26,5
"617","CUST_1810","store",110,59,42,77,87,39,91,2,69,51,7,69,15
"618","CUST_923","store",1140,415,1322,1610,1495,238,1501,108,175,360,324,837,165
"619","CUST_1968","store",184,36,175,146,319,37,368,2,64,71,48,94,10
"620","CUST_794","store",449,116,514,543,440,85,679,84,121,162,107,386,61
"621","CUST_1140","store",316,177,193,232,198,111,227,24,216,112,29,132,46
"622","CUST_512","store",89,19,61,51,75,12,84,2,17,27,19,37,5
"623","CUST_370","store",233,21,171,107,309,49,305,24,47,71,55,148,7
"624","CUST_1966","store",136,24,99,89,188,44,206,2,63,47,32,78,7
"625","CUST_617","store",105,53,74,99,39,33,58,2,122,70,21,73,30
"626","CUST_990","store",261,74,157,232,310,24,433,2,38,77,76,77,12
"627","CUST_981","store",126,41,103,161,137,42,149,2,34,47,34,84,9
"628","CUST_1811","store",85,26,81,62,71,5,131,2,21,81,19,69,13
"629","CUST_1640","store",175,36,140,133,248,47,297,2,95,72,42,110,12
"630","CUST_1795","store",242,39,201,166,300,50,335,2,48,84,38,156,12
"631","CUST_1806","store",99,73,233,315,201,42,335,2,110,111,40,169,24
"632","CUST_411","store",279,61,172,267,302,17,408,2,29,75,55,99,14
"633","CUST_571","store",233,41,321,352,475,25,603,72,52,248,120,411,61
"634","CUST_1833","store",148,27,93,91,191,26,227,2,47,43,34,85,7
"635","CUST_557","store",93,13,59,50,78,19,131,2,26,38,23,45,5
"636","CUST_983","store",249,142,134,170,195,100,195,108,141,88,24,131,40
"637","CUST_179","store",166,41,60,120,165,3,185,2,6,36,24,47,5
"638","CUST_403","store",182,20,101,108,235,30,205,2,48,64,37,102,8
"639","CUST_1383","store",988,336,1051,1384,1262,205,1328,252,133,307,249,775,129
"640","CUST_1622","store",260,32,144,170,286,58,371,2,70,104,48,134,13
"641","CUST_455","store",173,48,235,279,346,21,392,60,45,152,64,198,26
"642","CUST_1837","store",51,17,65,37,67,16,104,48,24,19,13,58,5
"643","CUST_636","store",174,70,136,178,154,33,212,36,31,61,37,109,20
"644","CUST_212","store",113,58,154,201,201,17,263,24,41,56,42,108,18
"645","CUST_807","store",549,335,388,432,517,240,430,156,391,191,45,313,94
"646","CUST_114","store",551,182,493,689,682,113,715,2,111,179,124,355,74
"647","CUST_1562","store",45,29,82,96,85,21,80,2,36,35,11,61,8
"648","CUST_632","store",628,252,609,855,653,125,811,120,115,216,165,420,71
"649","CUST_123","store",35,28,85,123,87,20,107,2,42,44,17,70,13
"650","CUST_1342","store",74,29,69,96,81,11,95,2,44,37,10,53,7
"651","CUST_1681","store",65,34,58,121,83,20,79,2,31,48,18,60,10
"652","CUST_721","store",252,143,129,161,162,97,176,2,133,75,25,111,36
"653","CUST_121","store",18,28,69,74,75,6,103,2,23,2,5,12,5
"654","CUST_1788","store",107,21,70,55,140,27,159,2,21,45,25,53,5
"655","CUST_1892","store",46,50,59,93,77,13,123,2,30,28,11,36,8
"656","CUST_1248","store",297,111,323,288,303,53,303,72,62,109,72,190,37
"657","CUST_340","store",282,69,255,340,312,69,276,24,51,71,58,198,30
"658","CUST_1004","store",488,261,258,428,139,152,207,120,448,228,73,450,131
"659","CUST_1634","store",91,18,70,134,169,13,172,2,12,98,32,111,21
"660","CUST_1029","store",401,124,423,513,533,90,569,144,112,132,113,332,59
"661","CUST_1963","store",1000,174,476,911,1038,64,1351,132,108,238,195,285,30
"662","CUST_257","store",44,14,71,47,64,8,97,2,10,52,23,53,11
"663","CUST_1722","store",424,161,470,597,475,92,543,48,67,128,126,375,56
"664","CUST_1819","store",340,43,271,214,564,53,412,12,76,128,69,201,17
"665","CUST_93","store",222,96,139,168,230,103,187,2,104,93,19,185,51
"666","CUST_160","store",350,105,332,514,476,56,484,84,43,117,80,235,42
"667","CUST_158","store",426,141,520,512,515,96,478,48,76,123,106,337,50
"668","CUST_28","store",316,79,388,434,473,64,381,108,39,119,63,254,50
"669","CUST_1166","store",139,14,75,75,320,21,203,48,40,38,27,104,5
"670","CUST_1615","store",86,26,62,49,141,5,168,2,14,26,27,51,5
"671","CUST_812","store",260,55,108,251,264,21,362,2,22,64,57,47,5
"672","CUST_3","store",10,4,42,53,27,6,50,2,18,19,7,32,5
"673","CUST_1616","store",212,107,225,378,443,40,287,2,81,26,5,30,7
"674","CUST_1043","store",248,112,138,225,94,73,139,2,192,105,33,199,58
"675","CUST_924","store",302,124,275,504,423,48,456,2,101,53,26,82,15
"676","CUST_1690","store",712,215,750,975,896,137,959,156,139,238,143,656,93
"677","CUST_1142","store",143,14,88,77,145,26,183,2,30,51,23,78,8
"678","CUST_1014","store",191,63,214,303,337,38,446,2,82,138,70,262,42
"679","CUST_1123","store",312,111,345,420,390,64,469,84,51,96,83,265,21
"680","CUST_1773","store",486,194,568,750,729,108,776,132,84,157,161,439,76
"681","CUST_755","store",239,93,177,296,350,40,319,2,99,46,16,55,13
"682","CUST_1635","store",800,160,708,824,1021,101,815,132,131,216,146,494,97
"683","CUST_1369","store",46,34,55,54,16,19,83,2,48,27,6,56,9
"684","CUST_1162","store",144,70,152,210,94,68,217,2,116,107,25,154,40
"685","CUST_1530","store",172,40,121,120,207,22,160,12,25,55,34,123,10
"686","CUST_743","store",512,88,716,684,1065,56,1143,132,138,633,235,827,131
"687","CUST_243","store",220,67,140,341,287,14,434,2,34,57,57,112,10
"688","CUST_251","store",277,115,132,147,193,79,167,132,113,81,14,68,33
"689","CUST_348","store",109,66,122,144,65,29,171,2,43,73,21,99,22
"690","CUST_1649","store",546,94,347,631,590,28,999,12,69,124,133,159,22
"691","CUST_659","store",222,109,121,141,174,66,154,72,108,64,15,81,31
"692","CUST_1587","store",381,193,418,520,541,104,627,60,65,122,96,189,47
"693","CUST_1990","store",352,102,272,511,470,66,446,2,98,50,26,95,12
"694","CUST_528","store",42,22,36,61,26,10,92,2,34,20,5,44,12
"695","CUST_1441","store",161,75,99,112,65,52,83,2,122,66,22,146,35
"696","CUST_889","store",210,37,248,299,310,28,394,132,27,241,99,263,39
"697","CUST_1060","store",276,208,185,265,311,187,269,132,222,113,26,148,72
"698","CUST_569","store",198,72,186,399,311,33,355,2,67,35,11,47,12
"699","CUST_1981","store",250,35,197,286,169,22,270,2,36,31,16,38,5
"700","CUST_219","store",342,107,270,498,421,53,457,2,149,43,16,41,8
"701","CUST_792","store",177,41,112,211,220,25,176,2,44,21,9,19,5
"702","CUST_1303","store",285,75,233,221,334,52,346,2,74,94,53,158,14
"703","CUST_895","store",382,91,412,422,569,43,613,156,86,324,131,444,76
"704","CUST_837","store",104,36,41,66,84,40,79,60,54,32,5,46,17
"705","CUST_820","store",289,47,256,273,389,62,515,36,65,98,66,203,18
"706","CUST_1989","store",237,34,170,156,226,31,279,2,53,70,30,139,11
"707","CUST_1229","store",168,28,142,99,196,34,251,2,52,59,36,97,11
"708","CUST_564","store",159,48,53,60,68,63,92,84,56,58,12,63,14
"709","CUST_513","store",365,138,505,736,571,92,477,48,93,127,116,431,61
"710","CUST_1517","store",41,26,83,146,144,14,153,2,33,39,22,87,12
"711","CUST_1176","store",29,33,129,174,77,20,124,2,37,46,16,69,13
"712","CUST_1433","store",41,11,73,69,73,3,78,2,8,49,7,68,10
"713","CUST_498","store",174,58,218,281,256,34,263,48,27,51,41,90,19
"714","CUST_1644","store",59,27,66,77,64,12,77,2,13,18,11,21,5
"715","CUST_606","store",69,33,96,133,134,34,105,2,88,54,14,36,10
"716","CUST_1078","store",481,193,241,351,171,140,172,60,353,216,64,367,105
"717","CUST_879","store",122,25,154,67,203,34,290,2,36,53,36,80,8
"718","CUST_1347","store",43,24,16,58,31,10,17,12,41,28,15,28,8
"719","CUST_1401","store",123,69,177,276,165,53,267,2,78,126,29,147,25
"720","CUST_1007","store",209,138,109,159,219,87,183,2,118,59,22,130,37
"721","CUST_278","store",309,61,142,292,373,21,474,48,29,84,63,82,15
"722","CUST_932","store",95,12,85,85,173,22,171,12,39,42,20,53,7
"723","CUST_1212","store",55,58,163,254,158,33,198,2,58,83,28,140,21
"724","CUST_1793","store",260,71,209,313,316,49,294,2,46,67,49,178,31
"725","CUST_1896","store",167,31,92,126,146,7,227,2,20,47,38,52,7
"726","CUST_937","store",26,4,25,15,45,10,57,24,14,10,7,34,5
"727","CUST_1018","store",198,27,62,133,167,9,198,2,21,51,25,35,6
"728","CUST_361","store",86,59,55,75,105,32,69,72,57,33,10,47,14
"729","CUST_637","store",1046,203,567,993,1112,54,1417,168,137,269,224,355,37
"730","CUST_289","store",355,132,326,484,467,69,403,60,72,130,79,324,42
"731","CUST_1605","store",100,56,40,114,25,27,40,2,114,44,8,74,16
"732","CUST_1057","store",97,9,67,53,119,42,168,2,28,26,27,66,5
"733","CUST_32","store",249,48,123,187,250,20,475,2,34,73,33,70,11
"734","CUST_584","store",58,24,88,96,25,20,89,2,38,49,10,60,17
"735","CUST_1296","store",111,42,69,62,133,32,185,2,48,48,16,93,5
"736","CUST_973","store",74,43,30,80,95,22,47,2,37,29,7,36,15
"737","CUST_1787","store",388,237,231,354,152,83,199,36,327,190,67,325,93
"738","CUST_1429","store",204,119,109,211,72,57,110,2,186,108,21,169,51
"739","CUST_1976","store",259,33,225,142,360,73,478,2,81,104,65,198,14
"740","CUST_327","store",158,39,143,129,171,32,184,2,71,129,35,148,26
"741","CUST_1221","store",105,34,142,110,206,13,186,2,25,79,32,151,22
"742","CUST_198","store",295,170,137,225,84,78,88,72,259,133,41,241,69
"743","CUST_1138","store",382,61,138,291,385,11,507,2,80,81,63,98,7
"744","CUST_1010","store",440,235,213,384,140,133,168,12,400,225,69,432,95
"745","CUST_544","store",100,15,137,135,205,15,201,2,22,126,45,175,25
"746","CUST_1431","store",541,189,565,747,665,119,679,156,119,196,143,400,66
"747","CUST_1228","store",107,31,76,49,145,37,155,24,44,27,21,80,5
"748","CUST_1579","store",502,137,506,652,496,106,625,84,81,157,124,386,73
"749","CUST_440","store",200,111,104,169,68,52,87,120,201,105,29,191,51
"750","CUST_313","store",184,30,119,54,150,45,220,2,44,59,30,76,5
"751","CUST_1742","store",95,39,54,67,75,39,68,2,45,30,7,38,15
"752","CUST_1950","store",158,126,101,142,113,56,137,2,101,51,14,83,29
"753","CUST_4","store",145,44,132,147,131,35,175,60,22,49,25,82,18
"754","CUST_60","store",46,32,59,70,58,12,77,2,24,29,11,52,13
"755","CUST_1418","store",258,108,134,187,226,61,215,36,193,94,21,135,36
"756","CUST_677","store",139,39,138,119,182,36,295,2,39,40,36,122,11
"757","CUST_1216","store",436,142,527,615,617,105,617,96,123,153,119,536,72
"758","CUST_693","store",133,16,160,129,204,11,220,2,37,149,66,166,26
"759","CUST_122","store",367,138,446,512,399,56,553,108,122,143,91,396,64
"760","CUST_1871","store",168,107,97,156,75,44,98,72,128,93,22,145,41
"761","CUST_80","store",128,77,254,359,254,64,302,2,100,125,29,168,27
"762","CUST_227","store",275,83,302,496,400,60,506,2,80,51,21,67,12
"763","CUST_125","store",70,10,77,52,134,29,174,2,17,18,21,64,5
"764","CUST_642","store",171,30,46,82,160,6,176,2,11,53,26,30,5
"765","CUST_844","store",254,97,310,331,293,47,273,84,45,87,58,168,33
"766","CUST_19","store",216,66,146,154,156,43,169,2,104,101,24,123,24
"767","CUST_1914","store",132,83,63,115,50,52,65,120,135,69,21,122,42
"768","CUST_828","store",359,112,407,544,553,85,534,108,91,131,99,276,38
"769","CUST_376","store",642,127,366,541,744,39,702,48,85,168,114,197,33
"770","CUST_295","store",109,58,133,139,277,20,213,24,27,35,31,70,22
"771","CUST_1435","store",407,70,152,366,419,20,595,2,33,96,74,120,8
"772","CUST_546","store",80,17,58,79,109,19,123,2,37,29,20,78,6
"773","CUST_6","store",94,15,34,66,105,3,91,2,9,23,10,37,5
"774","CUST_530","store",366,83,237,335,356,24,522,2,50,98,71,129,14
"775","CUST_189","store",68,20,35,33,134,14,102,2,14,25,12,31,5
"776","CUST_1849","store",83,9,60,43,140,16,113,2,24,28,11,41,5
"777","CUST_414","store",37,22,24,42,32,19,23,24,15,12,5,30,11
"778","CUST_1687","store",249,129,112,194,75,63,130,168,249,124,34,216,56
"779","CUST_1696","store",48,12,63,91,67,28,106,2,63,42,10,52,7
"780","CUST_971","store",122,31,70,47,175,34,187,2,29,49,23,73,5
"781","CUST_389","store",296,119,332,441,438,55,395,108,63,108,84,236,42
"782","CUST_1012","store",397,99,279,511,421,76,487,84,69,108,97,271,47
"783","CUST_1098","store",297,96,323,439,382,60,446,12,47,104,55,275,45
"784","CUST_835","store",157,32,170,151,223,14,283,2,31,157,56,209,33
"785","CUST_159","store",62,22,64,85,32,14,98,2,37,43,7,48,15
"786","CUST_920","store",98,4,39,44,84,7,129,2,17,36,10,56,5
"787","CUST_323","store",208,38,91,204,202,11,233,2,17,48,31,58,5
"788","CUST_952","store",375,80,151,415,334,18,504,12,33,92,76,119,8
"789","CUST_78","store",351,89,193,433,495,16,636,24,44,88,78,123,11
"790","CUST_1251","store",457,65,207,276,352,35,440,108,44,110,74,116,16
"791","CUST_549","store",1947,651,2086,2840,2547,431,2563,324,301,607,501,1594,267
"792","CUST_1916","store",151,40,52,105,154,7,121,2,27,32,24,66,5
"793","CUST_1263","store",130,31,130,181,169,18,140,2,47,15,9,25,6
"794","CUST_1447","store",2348,796,2428,3180,2997,506,3178,408,430,784,572,1880,324
"795","CUST_1376","store",447,155,337,465,486,90,501,132,81,163,114,312,52
"796","CUST_1931","store",248,69,106,252,315,30,465,2,86,65,65,89,10
"797","CUST_1633","store",178,113,124,158,105,60,115,2,132,86,28,159,44
"798","CUST_880","store",560,294,279,357,435,217,372,48,275,185,46,290,93
"799","CUST_388","store",259,88,284,360,429,72,365,36,44,85,77,236,40
"800","CUST_709","store",213,106,105,196,84,40,106,2,133,89,28,150,48
"801","CUST_420","store",236,164,131,180,92,64,128,2,162,96,34,173,51
"802","CUST_1944","store",182,29,110,87,265,43,219,2,66,58,33,95,10
"803","CUST_1923","store",143,45,128,69,213,34,216,2,63,44,30,120,6
"804","CUST_1405","store",139,47,57,104,51,50,70,96,79,54,17,93,15
"805","CUST_1663","store",56,43,81,162,133,32,132,2,47,64,31,95,16
"806","CUST_224","store",121,20,128,148,175,8,222,2,46,129,34,126,31
"807","CUST_1101","store",198,93,85,132,156,71,132,2,137,65,16,66,25
"808","CUST_186","store",41,28,78,88,37,24,98,24,45,30,10,55,11
"809","CUST_716","store",105,36,155,200,152,31,237,2,71,77,24,117,19
"810","CUST_1498","store",344,38,132,186,334,13,291,36,20,91,56,45,6
"811","CUST_1009","store",453,265,233,436,215,136,245,72,492,271,73,517,135
"812","CUST_1941","store",146,99,115,115,101,32,156,2,70,70,24,113,23
"813","CUST_608","store",127,11,55,88,92,10,187,2,12,29,25,42,5
"814","CUST_1226","store",210,40,202,235,426,27,545,60,48,273,82,284,40
"815","CUST_286","store",452,279,260,480,250,133,282,120,405,214,75,491,118
"816","CUST_1161","store",239,102,396,441,382,66,406,24,57,78,62,190,46
"817","CUST_1638","store",692,308,476,587,897,268,566,36,401,249,66,351,89
"818","CUST_1256","store",214,50,153,115,227,31,319,2,63,71,38,124,9
"819","CUST_887","store",186,26,124,72,165,44,201,2,66,58,41,85,5
"820","CUST_1735","store",524,195,501,925,830,93,856,2,157,76,34,100,20
"821","CUST_1678","store",191,38,125,135,221,30,264,2,53,53,35,108,8
"822","CUST_1860","store",129,59,108,196,55,46,171,2,65,76,19,112,35
"823","CUST_558","store",132,18,71,116,78,5,111,2,8,32,29,17,5
"824","CUST_918","store",44,3,14,9,22,15,10,2,27,3,5,8,0
"825","CUST_1497","store",23,9,43,38,57,4,60,2,8,19,13,30,11
"826","CUST_722","store",34,18,60,109,68,12,108,60,30,47,18,58,10
"827","CUST_129","store",168,99,369,494,323,80,443,2,165,176,49,231,38
"828","CUST_620","store",105,27,42,21,64,19,126,36,32,24,14,59,5
"829","CUST_266","store",180,100,203,194,207,61,222,2,91,85,26,204,37
"830","CUST_426","store",68,6,31,33,32,8,76,2,28,15,9,23,5
"831","CUST_1153","store",130,23,79,46,88,37,136,2,39,40,15,52,5
"832","CUST_1473","store",103,28,162,156,238,19,181,2,42,92,42,172,29
"833","CUST_163","store",189,54,218,275,306,40,366,2,55,197,78,235,37
"834","CUST_1468","store",47,7,66,45,69,3,113,2,6,71,18,54,14
"835","CUST_1249","store",130,31,107,73,160,31,177,2,42,39,26,91,7
"836","CUST_1089","store",58,25,80,102,58,19,97,2,31,53,14,61,19
"837","CUST_1883","store",308,110,344,458,430,64,428,96,46,104,80,239,43
"838","CUST_48","store",161,25,200,171,238,20,284,2,40,178,57,177,33
"839","CUST_662","store",207,113,99,149,66,66,129,2,161,101,31,170,55
"840","CUST_457","store",93,3,29,23,40,20,100,2,27,23,10,34,5
"841","CUST_858","store",485,128,333,576,608,42,750,108,74,135,88,190,24
"842","CUST_1996","store",97,32,67,66,68,16,120,2,19,37,10,54,13
"843","CUST_1328","store",24,19,33,97,44,13,120,2,30,39,8,44,7
"844","CUST_804","store",455,153,378,635,609,85,433,60,112,156,88,301,49
"845","CUST_1075","store",67,11,70,57,53,15,81,2,45,27,11,60,14
"846","CUST_1231","store",319,49,148,257,261,10,240,2,24,75,56,48,7
"847","CUST_782","store",40,34,43,82,40,14,107,2,39,39,15,44,15
"848","CUST_1866","store",665,105,171,367,522,20,706,48,60,155,94,135,13
"849","CUST_773","store",158,38,60,98,88,3,188,2,10,35,28,41,5
"850","CUST_927","store",266,142,116,210,83,64,109,72,236,149,34,186,72
"851","CUST_501","store",398,64,153,282,304,13,466,2,90,100,49,104,10
"852","CUST_1196","store",351,145,380,580,433,105,559,108,66,134,101,312,56
"853","CUST_269","store",529,152,427,566,527,108,619,84,79,152,114,327,51
"854","CUST_1392","store",259,45,408,394,831,37,567,132,59,322,139,324,66
"855","CUST_467","store",462,190,458,590,583,82,672,48,67,148,128,420,68
"856","CUST_343","store",384,106,177,493,577,18,533,2,51,96,105,143,10
"857","CUST_305","store",134,80,78,120,45,39,59,96,129,80,20,156,42
"858","CUST_1102","store",195,23,86,203,242,9,240,2,15,49,34,58,5
"859","CUST_1881","store",293,137,272,607,574,17,913,36,59,68,101,143,12
"860","CUST_1838","store",115,32,191,176,171,22,142,2,15,34,36,107,15
"861","CUST_242","store",55,44,150,134,74,44,178,2,72,71,15,136,28
"862","CUST_1172","store",100,92,243,335,214,59,290,108,149,117,41,154,26
"863","CUST_479","store",90,69,52,81,116,35,84,2,58,39,5,53,15
"864","CUST_975","store",412,225,208,316,97,122,173,120,282,185,49,283,89
"865","CUST_31","store",268,121,303,656,510,48,660,24,106,37,23,68,11
"866","CUST_1964","store",411,46,305,206,509,70,578,2,124,116,81,234,13
"867","CUST_1887","store",14,16,35,55,39,10,80,2,11,23,8,21,7
"868","CUST_899","store",90,43,83,112,111,13,131,24,20,24,32,57,7
"869","CUST_749","store",238,33,177,127,330,48,446,24,40,81,54,161,13
"870","CUST_1749","store",514,166,660,788,826,138,673,96,100,151,128,379,80
"871","CUST_1346","store",75,46,60,75,94,29,106,2,61,52,13,77,10
"872","CUST_1353","store",449,85,236,478,628,25,786,60,56,117,108,172,17
"873","CUST_1218","store",437,283,298,308,447,192,346,96,215,146,39,216,85
"874","CUST_859","store",85,12,59,113,47,25,87,2,43,49,16,49,10
"875","CUST_478","store",328,87,411,562,456,105,548,108,55,121,98,306,55
"876","CUST_769","store",169,24,161,140,206,27,237,2,38,67,30,110,9
"877","CUST_1252","store",32,5,44,25,50,8,95,2,14,14,8,46,5
"878","CUST_1809","store",97,28,66,38,187,44,239,2,85,51,28,66,6
"879","CUST_1313","store",193,36,161,108,175,45,265,2,74,57,29,136,9
"880","CUST_1085","store",48,16,67,143,100,17,83,2,41,51,20,73,9
"881","CUST_523","store",403,124,610,573,525,102,672,72,50,147,114,453,52
"882","CUST_1265","store",41,42,74,74,36,21,95,2,16,27,15,32,14
"883","CUST_585","store",257,26,134,106,197,30,274,108,42,69,40,125,8
"884","CUST_102","store",106,15,102,92,146,28,162,36,20,36,21,79,6
"885","CUST_1398","store",430,93,271,567,503,25,913,72,43,103,134,189,13
"886","CUST_679","store",390,68,184,518,391,18,527,36,25,107,70,116,15
"887","CUST_784","store",784,466,404,702,229,208,278,204,766,402,114,720,212
"888","CUST_107","store",357,120,287,483,380,71,457,120,68,113,75,255,39
"889","CUST_468","store",282,54,179,106,328,55,377,2,66,84,52,167,10
"890","CUST_631","store",71,15,42,44,77,12,41,2,25,48,5,47,10
"891","CUST_1373","store",132,19,49,106,82,6,112,2,17,38,30,38,5
"892","CUST_1828","store",42,8,28,56,16,10,49,2,6,12,6,12,5
"893","CUST_58","store",603,157,555,664,615,109,701,24,91,203,120,332,58
"894","CUST_1744","store",225,83,212,279,252,47,329,12,46,85,50,198,31
"895","CUST_473","store",150,32,98,68,165,31,182,2,31,51,21,77,5
"896","CUST_180","store",45,29,56,41,44,10,52,2,26,32,8,40,6
"897","CUST_300","store",218,128,121,148,165,93,183,108,134,82,20,89,37
"898","CUST_1911","store",182,71,65,124,67,43,49,72,103,57,19,95,33
"899","CUST_1062","store",61,11,38,78,13,4,83,2,5,13,15,20,5
"900","CUST_1576","store",60,11,28,43,50,2,62,2,5,13,5,15,0
"901","CUST_349","store",8,7,22,16,37,2,9,2,6,15,9,19,5
"902","CUST_1136","store",144,22,52,137,127,25,248,2,30,32,30,36,5
"903","CUST_1782","store",94,39,67,150,187,16,199,12,72,17,8,28,5
"904","CUST_1070","store",306,103,213,376,317,65,401,84,78,95,69,208,39
"905","CUST_1854","store",80,7,24,81,71,14,117,2,10,25,17,82,5
"906","CUST_1873","store",372,122,436,449,440,94,489,96,63,136,70,411,46
"907","CUST_1958","store",162,63,209,339,191,40,280,72,22,53,32,162,31
"908","CUST_724","store",1591,238,678,1542,1476,58,1846,216,117,367,248,413,27
"909","CUST_854","store",239,109,279,395,384,51,396,96,83,95,83,255,38
"910","CUST_1316","store",232,75,223,342,304,56,336,96,41,68,64,155,31
"911","CUST_95","store",282,67,186,181,309,53,378,2,54,83,48,156,15
"912","CUST_1478","store",128,46,67,71,80,16,104,2,97,49,8,73,13
"913","CUST_52","store",263,65,154,288,302,9,366,2,28,65,62,73,9
"914","CUST_452","store",711,349,414,514,680,290,485,120,343,268,61,377,109
"915","CUST_1032","store",135,85,67,96,48,59,73,48,101,73,22,94,34
"916","CUST_1840","store",355,119,414,566,452,84,532,24,68,123,117,361,42
"917","CUST_67","store",163,91,92,141,78,64,77,2,135,69,25,142,29
"918","CUST_208","store",122,15,45,92,40,6,122,2,10,27,18,24,5
"919","CUST_697","store",497,280,257,322,450,223,309,84,267,179,34,238,88
"920","CUST_1686","store",307,193,170,277,107,93,141,132,260,173,43,275,85
"921","CUST_1280","store",438,140,467,552,556,85,459,180,106,152,92,368,52
"922","CUST_1334","store",225,78,280,334,323,60,344,12,33,73,70,206,33
"923","CUST_826","store",343,103,416,484,587,57,694,84,92,310,132,427,70
"924","CUST_1817","store",117,22,53,63,109,21,154,2,11,74,20,80,8
"925","CUST_1874","store",107,58,74,127,44,28,60,2,82,56,21,116,34
"926","CUST_155","store",319,160,397,512,428,93,526,108,82,137,97,243,49
"927","CUST_661","store",641,227,720,995,904,136,1068,156,126,256,212,507,102
"928","CUST_509","store",733,140,310,608,725,25,820,12,97,174,159,180,16
"929","CUST_493","store",490,126,544,509,694,109,706,108,97,173,114,320,66
"930","CUST_1610","store",114,75,186,263,94,43,194,2,84,81,25,125,48
"931","CUST_1800","store",28,23,69,104,93,12,101,2,21,36,9,55,7
"932","CUST_942","store",51,43,71,30,52,13,47,2,25,21,5,51,15
"933","CUST_616","store",63,29,133,149,94,19,136,2,72,60,17,73,13
"934","CUST_1853","store",144,74,38,77,82,41,90,60,94,45,12,55,21
"935","CUST_534","store",291,44,300,278,486,28,492,60,90,259,92,301,62
"936","CUST_1179","store",131,22,92,64,132,24,195,48,25,41,27,69,5
"937","CUST_499","store",214,77,265,280,211,37,218,36,34,73,58,82,29
"938","CUST_21","store",223,62,210,368,394,41,429,2,92,26,10,39,8
"939","CUST_441","store",394,134,549,686,589,95,670,12,92,131,126,429,58
"940","CUST_210","store",284,100,337,357,301,72,363,60,47,84,67,228,36
"941","CUST_1049","store",344,197,233,334,173,110,208,132,340,192,53,353,95
"942","CUST_1056","store",170,61,190,233,180,33,220,2,43,59,23,144,25
"943","CUST_1268","store",265,161,170,275,104,89,160,120,234,155,38,251,79
"944","CUST_1339","store",249,48,389,372,473,45,611,108,59,241,90,334,69
"945","CUST_1458","store",56,7,20,32,23,9,56,2,9,14,12,34,5
"946","CUST_1855","store",364,166,202,272,338,94,311,48,222,102,33,201,50
"947","CUST_776","store",401,122,320,1051,922,84,750,96,130,50,17,81,13
"948","CUST_1700","store",123,20,108,81,149,26,221,2,49,44,28,94,5
"949","CUST_1208","store",77,8,42,27,77,16,89,2,16,22,21,39,5
"950","CUST_876","store",329,80,179,267,379,17,439,48,21,78,71,127,10
"951","CUST_1872","store",503,123,458,495,653,81,591,144,59,159,110,376,62
"952","CUST_1253","store",218,179,123,193,89,58,82,72,252,132,23,258,61
"953","CUST_287","store",106,58,113,200,124,29,192,2,78,65,19,63,17
"954","CUST_1537","store",182,86,236,291,213,52,298,2,43,58,50,121,24
"955","CUST_785","store",700,167,912,975,1332,98,1422,252,214,696,283,953,164
"956","CUST_635","store",86,18,52,66,51,19,161,2,24,39,23,50,6
"957","CUST_672","store",284,134,165,194,181,93,229,60,148,87,24,148,39
"958","CUST_193","store",88,32,133,139,220,27,246,2,21,101,52,129,24
"959","CUST_1292","store",114,22,67,132,192,20,195,2,19,36,23,52,6
"960","CUST_1566","store",149,85,117,116,120,57,130,2,97,61,16,61,25
"961","CUST_1354","store",84,19,61,37,75,27,108,2,15,27,21,60,5
"962","CUST_1918","store",31,5,65,56,101,5,101,2,13,34,27,23,9
"963","CUST_356","store",353,64,181,274,356,13,454,2,44,90,49,93,12
"964","CUST_1308","store",104,72,44,74,33,28,43,2,77,49,16,109,29
"965","CUST_1561","store",312,122,137,220,286,79,182,120,147,104,30,215,42
"966","CUST_1099","store",632,153,323,715,752,62,965,96,115,166,134,172,24
"967","CUST_819","store",227,46,79,170,275,15,283,2,49,55,39,102,9
"968","CUST_568","store",365,133,317,404,439,83,477,12,36,108,90,280,39
"969","CUST_1017","store",317,49,215,175,366,64,448,2,100,101,61,179,13
"970","CUST_216","store",238,36,206,171,308,51,375,2,43,95,54,191,16
"971","CUST_940","store",469,183,482,666,654,109,697,2,80,145,122,460,77
"972","CUST_1886","store",624,192,744,813,697,130,853,108,143,158,188,443,72
"973","CUST_1651","store",156,66,129,151,200,26,258,2,96,26,14,34,5
"974","CUST_1421","store",402,67,239,375,489,19,600,60,37,93,94,99,9
"975","CUST_1592","store",412,60,292,170,509,91,628,2,108,132,88,263,14
"976","CUST_1597","store",74,11,74,35,128,21,142,36,21,33,24,56,5
"977","CUST_22","store",242,37,133,285,367,7,394,2,38,55,58,88,7
"978","CUST_380","store",142,82,69,134,56,39,59,2,152,73,20,140,36
"979","CUST_852","store",304,104,285,408,291,63,335,12,71,114,57,289,40
"980","CUST_1532","store",270,102,339,384,316,75,400,24,79,77,88,234,39
"981","CUST_1612","store",74,31,40,111,161,5,89,2,21,18,26,5,5
"982","CUST_1975","store",584,227,658,907,932,158,860,132,113,197,142,525,74
"983","CUST_1491","store",158,52,175,257,165,41,209,2,63,55,41,140,26
"984","CUST_1932","store",632,164,740,1023,813,118,848,132,86,193,151,522,78
"985","CUST_142","store",316,132,270,410,373,68,508,36,70,98,90,223,43
"986","CUST_619","store",100,33,84,193,182,6,282,2,15,25,34,49,6
"987","CUST_303","store",169,73,136,244,168,29,278,2,72,29,7,42,6
"988","CUST_825","store",948,186,490,924,1185,39,1203,36,87,222,225,234,23
"989","CUST_1111","store",384,65,189,340,437,13,519,48,38,101,76,141,15
"990","CUST_1504","store",86,63,219,229,75,37,221,12,65,79,24,197,40
"991","CUST_136","store",72,23,37,46,68,32,55,2,27,22,5,25,9
"992","CUST_1765","store",190,66,203,243,238,37,219,48,61,71,47,187,29
"993","CUST_1117","store",514,77,602,616,902,59,923,132,96,490,198,646,109
"994","CUST_850","store",192,99,155,436,336,40,329,48,29,69,65,105,22
"995","CUST_1207","store",200,126,242,403,138,101,360,2,169,157,43,307,64
"996","CUST_463","store",59,7,49,27,47,10,71,2,10,14,13,29,5
"997","CUST_741","store",421,261,257,270,325,190,310,96,236,133,30,264,88
"998","CUST_660","store",348,73,184,295,353,31,483,2,52,96,62,126,13
"999","CUST_1960","store",367,59,344,474,779,51,725,84,112,328,136,480,75
"1000","CUST_538","store",127,88,223,380,235,52,388,2,91,130,42,176,28
"1001","CUST_1240","store",229,44,216,263,311,14,358,2,38,49,61,107,7
"1002","CUST_1203","store",112,28,70,65,164,20,207,2,26,39,13,53,5
"1003","CUST_898","store",50,2,23,18,80,8,72,2,7,18,14,21,5
"1004","CUST_247","store",257,99,332,366,349,46,327,24,90,84,60,244,43
"1005","CUST_1034","store",102,29,146,112,231,12,237,2,20,104,49,148,33
"1006","CUST_1848","store",100,45,98,194,226,6,350,2,29,29,36,73,9
"1007","CUST_1282","store",87,36,38,57,28,14,25,2,65,38,15,54,15
"1008","CUST_68","store",291,139,120,195,233,103,209,2,173,119,26,127,52
"1009","CUST_1790","store",198,41,304,267,261,39,456,12,41,167,85,201,37
"1010","CUST_244","store",636,231,698,893,782,141,878,24,100,203,158,506,89
"1011","CUST_161","store",151,88,80,120,154,56,118,2,121,38,15,64,30
"1012","CUST_734","store",75,8,70,31,87,17,93,36,22,26,16,65,5
"1013","CUST_1994","store",95,54,125,197,123,40,162,36,69,77,26,119,29
"1014","CUST_262","store",389,136,407,652,526,109,596,36,137,148,126,439,56
"1015","CUST_1771","store",343,139,202,186,249,145,227,2,181,88,25,159,57
"1016","CUST_801","store",669,212,728,722,952,150,884,2,90,229,154,623,88
"1017","CUST_390","store",134,22,84,74,121,17,170,2,33,42,23,71,6
"1018","CUST_1688","store",65,6,58,32,66,14,91,2,10,20,11,36,5
"1019","CUST_1417","store",333,170,178,319,166,83,199,60,275,163,43,253,77
"1020","CUST_683","store",193,106,169,162,169,57,202,2,81,102,30,197,34
"1021","CUST_1701","store",106,43,211,175,244,25,159,2,34,10,6,18,5
"1022","CUST_1515","store",117,22,71,166,186,21,99,2,55,22,11,9,5
"1023","CUST_1325","store",111,25,58,149,99,17,162,2,31,35,26,39,6
"1024","CUST_1725","store",490,146,539,694,583,84,672,24,93,167,111,388,73
"1025","CUST_922","store",52,41,88,52,71,11,74,2,17,35,6,69,8
"1026","CUST_1969","store",675,216,677,943,745,137,989,156,85,216,182,477,102
"1027","CUST_541","store",183,25,36,132,227,16,226,2,21,44,18,73,5
"1028","CUST_1284","store",486,78,224,435,423,37,641,84,87,117,87,131,10
"1029","CUST_1559","store",200,102,131,138,161,93,158,84,99,57,19,101,28
"1030","CUST_1527","store",94,23,149,150,239,15,244,2,34,105,49,167,27
"1031","CUST_1912","store",398,105,196,466,635,27,765,12,41,97,110,120,19
"1032","CUST_38","store",169,68,110,260,239,26,260,2,65,32,10,30,5
"1033","CUST_410","store",171,64,124,327,333,23,323,2,44,19,8,33,5
"1034","CUST_46","store",192,25,55,134,166,8,181,2,41,52,32,43,5
"1035","CUST_814","store",200,51,91,150,260,20,312,2,55,64,37,77,6
"1036","CUST_1540","store",288,47,237,338,434,32,482,24,66,225,76,238,43
"1037","CUST_1577","store",39,47,219,223,167,35,165,2,43,72,25,116,18
"1038","CUST_1124","store",94,69,95,121,84,40,180,2,100,39,15,96,22
"1039","CUST_404","store",63,29,31,38,64,9,60,2,49,29,6,44,5
"1040","CUST_1150","store",688,110,283,471,739,38,844,132,78,172,107,166,20
"1041","CUST_1625","store",766,113,956,1035,1201,75,1206,180,133,683,284,729,156
"1042","CUST_1059","store",115,21,119,149,172,13,281,2,59,131,51,176,24
"1043","CUST_1195","store",82,70,93,123,53,26,58,2,137,60,14,109,23
"1044","CUST_1066","store",443,254,203,340,141,109,171,84,375,191,59,370,109
"1045","CUST_465","store",154,27,61,119,252,5,252,24,15,39,28,64,5
"1046","CUST_472","store",139,38,159,258,200,34,174,36,31,42,45,96,26
"1047","CUST_1357","store",155,35,91,215,142,6,276,2,26,45,36,69,7
"1048","CUST_1913","store",119,12,32,39,116,24,153,2,35,30,21,53,5
"1049","CUST_1834","store",287,108,246,388,383,38,340,48,41,75,69,222,31
"1050","CUST_653","store",20,14,5,14,5,8,8,24,21,10,5,29,5
"1051","CUST_183","store",177,28,83,197,206,24,173,2,24,54,39,49,6
"1052","CUST_696","store",153,42,172,231,240,31,245,24,46,58,36,157,23
"1053","CUST_141","store",212,127,101,194,80,54,119,2,179,106,29,183,56
"1054","CUST_903","store",80,49,108,160,120,36,148,2,69,68,19,60,17
"1055","CUST_1112","store",49,37,136,162,112,38,188,2,53,77,22,104,12
"1056","CUST_614","store",89,76,61,71,125,47,89,2,53,45,12,60,27
"1057","CUST_144","store",51,9,45,53,57,3,83,2,7,74,26,60,13
"1058","CUST_667","store",326,69,261,415,390,66,391,120,81,92,76,217,27
"1059","CUST_274","store",361,113,332,521,363,76,432,36,87,125,85,302,50
"1060","CUST_178","store",503,111,325,493,525,37,643,2,58,135,110,215,25
"1061","CUST_1323","store",232,61,119,331,297,11,517,2,28,63,48,71,12
"1062","CUST_1868","store",198,29,53,177,193,14,200,2,24,53,31,46,5
"1063","CUST_678","store",105,12,46,102,150,9,144,24,21,27,24,60,5
"1064","CUST_938","store",56,7,37,26,64,11,103,2,14,32,9,23,8
"1065","CUST_1204","store",227,42,98,216,200,7,330,2,15,52,36,88,6
"1066","CUST_655","store",512,125,318,656,617,38,724,120,90,148,159,224,21
"1067","CUST_853","store",53,49,67,104,54,22,104,60,40,38,12,64,20
"1068","CUST_2","store",217,116,103,159,63,59,80,108,170,111,23,205,43
"1069","CUST_188","store",335,108,340,521,515,110,499,144,88,121,87,252,49
"1070","CUST_1250","store",123,21,198,142,253,11,221,2,24,158,48,174,31
"1071","CUST_954","store",338,136,303,464,396,80,418,120,61,101,88,284,40
"1072","CUST_261","store",272,44,211,121,296,65,392,2,73,96,51,169,10
"1073","CUST_148","store",72,19,112,121,157,20,173,2,20,35,19,83,7
"1074","CUST_1439","store",44,29,94,158,85,19,121,2,53,44,12,56,11
"1075","CUST_165","store",15,13,53,63,76,14,55,2,21,23,14,33,7
"1076","CUST_111","store",120,49,39,86,87,41,91,48,54,39,10,68,18
"1077","CUST_1710","store",765,136,365,645,812,44,987,96,86,204,148,261,31
"1078","CUST_555","store",338,147,507,695,552,72,578,84,57,129,100,329,58
"1079","CUST_108","store",131,23,186,179,224,18,240,12,25,156,66,190,27
"1080","CUST_979","store",28,25,40,42,14,13,18,2,41,38,10,59,19
"1081","CUST_126","store",40,26,54,91,53,21,109,2,23,57,17,75,13
"1082","CUST_1039","store",202,123,263,236,266,66,241,2,161,115,39,238,49
"1083","CUST_503","store",547,137,500,775,642,132,575,120,104,192,118,349,73
"1084","CUST_510","store",538,160,539,636,518,96,677,96,111,195,120,472,71
"1085","CUST_1514","store",102,39,65,117,137,10,130,2,21,17,6,27,5
"1086","CUST_691","store",175,70,223,334,274,60,197,24,52,86,40,176,30
"1087","CUST_109","store",90,32,60,50,45,54,43,2,48,27,5,33,15
"1088","CUST_1436","store",549,209,670,833,744,130,932,48,153,199,134,474,94
"1089","CUST_1751","store",177,38,100,184,196,23,258,2,46,53,43,85,12
"1090","CUST_387","store",1211,636,675,841,1099,463,907,48,658,385,96,604,196
"1091","CUST_1415","store",42,39,72,104,32,20,79,2,22,59,14,52,15
"1092","CUST_154","store",565,214,484,804,747,128,860,144,135,199,118,419,68
"1093","CUST_1279","store",289,77,359,455,643,50,613,144,74,254,105,410,70
"1094","CUST_878","store",64,47,89,77,94,18,93,2,49,46,13,86,18
"1095","CUST_1730","store",429,144,493,609,518,105,574,120,84,118,92,310,74
"1096","CUST_1997","store",145,25,131,83,195,32,240,2,32,60,36,110,8
"1097","CUST_621","store",143,32,81,128,148,9,220,2,16,40,29,64,5
"1098","CUST_1928","store",240,123,138,155,168,103,174,12,141,82,23,96,52
"1099","CUST_583","store",1148,399,1213,1648,1571,274,1666,204,194,387,278,798,175
"1100","CUST_890","store",118,39,90,176,115,40,185,2,28,44,27,80,20
"1101","CUST_1445","store",280,133,334,436,355,67,365,60,51,88,77,229,28
"1102","CUST_79","store",119,47,97,121,77,26,119,2,67,66,14,72,14
"1103","CUST_799","store",213,122,148,191,274,94,194,72,132,100,24,157,48
"1104","CUST_675","store",65,25,64,30,108,22,112,60,15,23,12,58,5
"1105","CUST_1184","store",841,281,824,939,930,160,1107,84,162,305,190,640,108
"1106","CUST_1188","store",796,302,1040,1144,1062,177,1087,120,126,261,229,810,112
"1107","CUST_164","store",58,48,71,75,80,22,87,2,45,37,15,63,13
"1108","CUST_391","store",189,63,127,140,140,76,140,2,114,61,15,115,36
"1109","CUST_1470","store",160,79,60,79,94,56,105,72,73,55,9,47,19
"1110","CUST_893","store",50,38,33,51,25,14,30,2,46,32,7,31,20
"1111","CUST_748","store",67,25,63,110,78,27,114,2,65,41,12,64,8
"1112","CUST_1182","store",185,30,216,284,259,24,312,60,55,216,57,309,32
"1113","CUST_191","store",60,38,63,130,58,15,113,2,51,36,11,70,8
"1114","CUST_1467","store",585,146,604,544,792,126,856,60,139,239,100,449,57
"1115","CUST_572","store",769,214,639,969,706,127,950,108,122,251,170,559,101
"1116","CUST_1781","store",475,168,689,713,578,106,672,72,99,146,118,233,56
"1117","CUST_857","store",864,262,1039,868,1032,146,1068,60,110,245,191,622,90
"1118","CUST_753","store",414,144,407,605,586,87,398,60,108,159,65,326,45
"1119","CUST_1907","store",451,144,503,507,564,77,562,120,59,134,124,347,59
"1120","CUST_12","store",54,35,34,69,28,16,27,2,49,33,11,57,12
"1121","CUST_1453","store",172,42,84,140,186,29,243,2,45,43,43,71,5
"1122","CUST_1609","store",98,55,70,106,31,42,64,12,96,43,18,96,23
"1123","CUST_314","store",185,57,202,202,267,49,177,2,86,55,44,148,23
"1124","CUST_431","store",451,67,201,363,364,15,516,2,33,123,79,112,12
"1125","CUST_339","store",95,60,94,109,117,25,121,2,47,57,16,106,31
"1126","CUST_1035","store",472,138,358,737,548,79,649,2,150,82,37,99,18
"1127","CUST_1083","store",103,37,58,72,65,26,128,2,60,45,17,54,14
"1128","CUST_1128","store",90,12,75,47,95,20,152,2,29,26,19,62,5
"1129","CUST_680","store",146,20,120,89,252,29,195,2,34,47,28,111,8
"1130","CUST_609","store",519,80,180,338,394,32,447,2,93,122,81,113,13
"1131","CUST_71","store",228,58,197,415,301,33,280,2,56,31,13,33,7
"1132","CUST_1242","store",156,18,109,70,163,52,195,2,37,48,21,89,5
"1133","CUST_1113","store",69,47,136,226,179,17,211,24,53,56,27,95,25
"1134","CUST_1799","store",790,135,414,701,678,44,912,2,86,213,137,244,26
"1135","CUST_1933","store",663,247,673,1001,797,147,839,96,150,246,161,557,84
"1136","CUST_554","store",53,43,79,89,112,17,119,48,33,35,18,153,22
"1137","CUST_551","store",397,145,458,556,510,97,607,84,93,135,97,396,55
"1138","CUST_49","store",184,41,136,314,363,9,395,24,22,50,62,128,9
"1139","CUST_813","store",128,24,59,132,141,9,190,2,17,39,35,34,5
"1140","CUST_1274","store",50,56,185,275,164,37,313,84,68,89,34,89,17
"1141","CUST_33","store",116,13,56,85,130,20,141,36,21,39,34,79,6
"1142","CUST_83","store",94,68,225,289,215,38,277,2,94,104,33,153,28
"1143","CUST_1456","store",467,119,460,603,594,95,585,72,89,151,116,303,66
"1144","CUST_1","store",79,28,48,51,68,29,67,36,75,25,5,46,10
"1145","CUST_1564","store",725,123,352,690,767,46,1141,108,75,169,155,203,25
"1146","CUST_822","store",301,89,268,328,370,67,421,48,87,104,65,178,32
"1147","CUST_1259","store",471,90,218,492,515,14,566,84,41,107,91,126,10
"1148","CUST_413","store",119,80,204,374,251,46,367,48,120,145,45,156,24
"1149","CUST_1321","store",124,35,78,73,125,20,194,2,52,49,26,57,8
"1150","CUST_914","store",108,15,135,54,168,32,233,2,37,43,38,92,7
"1151","CUST_1926","store",199,32,121,209,212,9,334,2,19,52,41,65,7
"1152","CUST_1655","store",351,105,298,399,416,69,413,96,82,108,68,212,52
"1153","CUST_577","store",98,28,79,122,216,7,212,24,13,24,15,61,5
"1154","CUST_1360","store",41,4,62,11,53,10,65,24,11,13,5,45,5
"1155","CUST_519","store",93,77,55,82,119,42,103,24,62,27,9,68,20
"1156","CUST_1275","store",1025,204,430,887,1051,54,1574,108,134,259,168,333,34
"1157","CUST_325","store",112,18,79,63,170,20,143,2,62,36,27,70,5
"1158","CUST_562","store",123,93,88,103,119,59,108,48,74,42,14,91,21
"1159","CUST_94","store",62,38,26,81,43,31,48,2,45,32,12,74,17
"1160","CUST_1343","store",143,74,141,224,252,31,185,2,24,43,38,121,16
"1161","CUST_113","store",661,186,678,1198,973,136,881,120,165,250,167,640,93
"1162","CUST_260","store",342,100,319,430,369,55,477,84,73,96,74,303,47
"1163","CUST_103","store",1101,338,1073,1337,1433,227,1302,144,158,397,237,718,124
"1164","CUST_100","store",143,58,111,121,48,35,58,2,49,76,16,189,38
"1165","CUST_13","store",249,44,145,161,196,13,316,2,30,56,27,104,9
"1166","CUST_350","store",79,26,55,116,133,13,123,2,18,30,17,50,8
"1167","CUST_935","store",60,45,71,53,50,14,93,2,63,34,16,61,13
"1168","CUST_1115","store",101,67,142,184,66,34,140,96,64,92,18,127,34
"1169","CUST_1135","store",193,113,192,281,236,54,341,2,44,73,47,169,32
"1170","CUST_1139","store",401,116,362,573,609,54,591,96,141,56,22,57,12
"1171","CUST_884","store",61,7,87,63,115,9,62,2,31,52,19,65,8
"1172","CUST_1673","store",269,48,173,344,296,18,470,2,34,72,37,117,10
"1173","CUST_17","store",262,47,100,203,307,11,290,2,23,65,56,67,6
"1174","CUST_150","store",233,93,297,278,353,75,321,2,73,86,59,180,36
"1175","CUST_700","store",576,100,285,643,777,57,789,72,91,146,89,237,26
"1176","CUST_149","store",628,133,477,791,969,40,1181,108,101,154,167,259,27
"1177","CUST_326","store",93,30,154,138,304,10,280,60,41,127,46,170,28
"1178","CUST_485","store",128,8,146,48,180,33,179,2,39,39,33,81,5
"1179","CUST_259","store",1353,213,618,1323,1578,94,1876,156,143,331,230,398,39
"1180","CUST_316","store",73,40,46,56,51,20,84,2,30,29,11,67,13
"1181","CUST_1037","store",1005,642,1149,1103,1295,259,1429,372,615,645,193,1260,237
"1182","CUST_666","store",155,85,134,149,119,27,187,60,129,90,27,146,38
"1183","CUST_995","store",385,109,487,529,467,59,456,2,87,127,84,278,48
"1184","CUST_745","store",105,43,118,167,204,10,256,2,43,40,36,74,8
"1185","CUST_714","store",49,44,159,283,118,48,259,2,66,59,11,131,16
"1186","CUST_1567","store",553,108,517,872,722,100,791,144,80,189,153,425,85
"1187","CUST_1008","store",218,41,81,223,254,9,235,2,21,55,36,59,5
"1188","CUST_1974","store",114,67,62,58,73,35,65,2,60,38,5,59,19
"1189","CUST_625","store",71,8,73,58,102,14,164,2,18,28,20,60,5
"1190","CUST_863","store",245,117,115,147,226,82,147,2,159,71,14,116,39
"1191","CUST_1709","store",161,22,91,63,116,30,186,2,33,39,17,89,6
"1192","CUST_1973","store",147,33,98,36,107,35,204,2,34,50,14,81,5
"1193","CUST_1985","store",153,31,46,131,110,5,153,2,13,40,17,35,5
"1194","CUST_1760","store",168,23,31,42,151,27,181,2,50,50,28,61,5
"1195","CUST_347","store",66,5,87,59,76,18,129,2,26,24,16,34,5
"1196","CUST_1698","store",1041,546,602,965,407,296,473,180,893,552,154,895,281
"1197","CUST_1948","store",155,44,135,135,192,24,168,2,25,45,34,82,11
"1198","CUST_1578","store",73,4,51,105,116,5,95,2,13,8,5,5,5
"1199","CUST_1804","store",371,57,156,230,364,18,527,2,34,91,53,116,9
"1200","CUST_56","store",174,41,108,194,183,24,145,2,54,31,13,29,5
"1201","CUST_1199","store",367,63,167,287,320,14,468,2,87,101,60,118,12
"1202","CUST_1665","store",192,124,102,149,59,57,67,60,129,92,27,155,47
"1203","CUST_1180","store",25,17,31,22,38,6,39,2,14,16,8,31,8
"1204","CUST_1428","store",265,82,280,351,370,71,437,48,31,82,64,187,36
"1205","CUST_1645","store",223,41,112,205,270,14,243,36,42,66,45,94,10
"1206","CUST_1460","store",547,90,625,657,874,53,1035,156,94,502,216,698,109
"1207","CUST_824","store",245,80,289,338,349,68,313,60,73,91,66,177,44
"1208","CUST_1509","store",321,85,235,361,304,62,367,2,77,96,63,216,35
"1209","CUST_1627","store",203,38,84,220,245,10,209,36,13,46,40,34,5
"1210","CUST_1637","store",253,50,268,227,451,74,491,2,107,104,77,189,17
"1211","CUST_156","store",79,28,61,97,60,41,139,2,70,60,12,100,21
"1212","CUST_737","store",267,44,111,177,256,16,248,2,31,61,45,82,6
"1213","CUST_639","store",131,22,92,46,108,25,201,2,35,39,16,67,5
"1214","CUST_1957","store",317,40,218,143,354,48,287,96,53,104,53,123,17
"1215","CUST_1404","store",180,18,91,68,199,40,246,2,33,59,34,99,7
"1216","CUST_1547","store",154,109,175,174,181,41,226,2,131,103,27,192,38
"1217","CUST_1754","store",181,12,76,54,134,16,134,2,46,34,32,83,5
"1218","CUST_1380","store",136,116,140,150,156,38,211,2,94,71,28,180,31
"1219","CUST_1465","store",309,103,286,387,338,47,336,2,56,97,53,233,29
"1220","CUST_110","store",622,183,625,767,669,112,660,2,139,199,130,415,78
"1221","CUST_888","store",70,54,205,207,177,39,232,2,69,83,32,93,19
"1222","CUST_908","store",1337,440,1430,1837,1642,277,1768,252,204,417,338,1095,182
"1223","CUST_834","store",131,44,52,212,201,22,176,2,38,28,11,24,5
"1224","CUST_640","store",204,31,136,162,230,11,346,2,26,53,41,56,7
"1225","CUST_385","store",307,67,274,351,357,52,343,2,47,82,66,158,27
"1226","CUST_1767","store",185,61,225,237,218,68,299,2,53,72,51,170,31
"1227","CUST_928","store",31,7,24,18,88,10,55,2,11,13,6,43,5
"1228","CUST_1300","store",266,65,187,255,221,49,234,2,47,82,57,119,25
"1229","CUST_1643","store",35,25,119,106,138,18,133,2,35,33,16,57,10
"1230","CUST_1110","store",133,60,108,95,99,57,121,48,71,50,13,93,20
"1231","CUST_1780","store",219,70,236,335,203,30,263,2,33,67,52,154,31
"1232","CUST_581","store",291,160,429,522,558,85,449,84,86,102,103,265,57
"1233","CUST_684","store",534,168,535,728,701,132,789,132,160,195,130,440,70
"1234","CUST_1217","store",121,55,133,127,137,34,198,2,21,40,33,110,15
"1235","CUST_133","store",136,34,244,235,238,31,215,36,28,41,49,112,32
"1236","CUST_788","store",38,25,85,105,60,29,117,48,36,34,11,74,24
"1237","CUST_744","store",187,35,94,162,210,11,348,2,59,45,49,54,7
"1238","CUST_1927","store",196,30,174,218,325,20,350,48,66,216,83,263,37
"1239","CUST_335","store",851,160,419,812,731,64,1067,96,98,226,155,241,31
"1240","CUST_344","store",179,108,94,109,128,50,104,84,80,70,17,64,25
"1241","CUST_1602","store",154,32,55,164,172,11,172,2,10,34,21,23,5
"1242","CUST_153","store",402,94,493,537,839,41,833,2,91,456,179,537,96
"1243","CUST_45","store",134,55,93,132,140,27,138,2,55,67,20,139,19
"1244","CUST_980","store",272,56,126,278,279,31,436,2,57,89,50,94,9
"1245","CUST_232","store",182,136,106,195,75,83,116,2,191,117,24,213,52
"1246","CUST_1726","store",201,37,127,199,329,12,331,2,26,56,49,73,8
"1247","CUST_1412","store",26,18,67,65,50,13,82,12,18,29,6,45,13
"1248","CUST_1959","store",419,65,190,303,479,37,468,2,57,104,51,85,9
"1249","CUST_768","store",245,89,285,319,333,61,362,2,48,83,59,219,30
"1250","CUST_59","store",762,238,766,964,792,145,972,96,230,252,171,550,105
"1251","CUST_1796","store",59,17,75,168,157,5,364,12,9,13,14,43,5
"1252","CUST_892","store",295,130,283,412,326,66,448,72,32,90,66,208,39
"1253","CUST_1327","store",64,13,66,37,116,14,123,48,21,30,15,69,5
"1254","CUST_944","store",15,2,12,7,8,2,31,2,5,8,5,10,5
"1255","CUST_939","store",486,156,500,773,655,119,565,60,100,180,92,437,72
"1256","CUST_962","store",370,94,160,309,440,30,464,2,49,102,71,109,11
"1257","CUST_1506","store",159,21,174,104,236,39,306,2,39,53,38,125,8
"1258","CUST_1826","store",853,266,952,1332,1024,185,1114,2,112,265,235,734,126
"1259","CUST_448","store",321,72,145,296,337,10,407,2,37,86,58,130,10
"1260","CUST_1862","store",252,75,168,336,286,56,313,2,71,80,55,175,31
"1261","CUST_1125","store",476,152,503,824,569,107,723,84,95,176,126,365,68
"1262","CUST_586","store",187,107,178,179,229,48,275,84,117,111,40,216,41
"1263","CUST_1438","store",60,18,17,84,104,9,72,2,15,15,9,13,5
"1264","CUST_911","store",100,62,96,121,111,24,147,12,63,67,22,89,14
"1265","CUST_1299","store",149,39,234,257,436,26,365,12,45,146,100,267,36
"1266","CUST_1106","store",163,117,89,100,146,78,131,2,87,40,10,94,27
"1267","CUST_1359","store",788,273,863,1180,1135,155,1104,72,187,265,170,675,103
"1268","CUST_471","store",201,85,187,250,163,53,328,12,37,61,52,166,20
"1269","CUST_760","store",10,3,36,5,4,2,31,2,2,3,5,18,5
"1270","CUST_223","store",92,21,58,56,90,11,128,2,29,29,11,43,5
"1271","CUST_54","store",75,35,49,43,36,22,68,2,12,24,7,49,6
"1272","CUST_377","store",158,26,85,66,150,22,239,2,66,43,34,81,5
"1273","CUST_1444","store",71,44,71,123,118,37,162,2,46,64,16,71,17
"1274","CUST_518","store",159,35,149,194,253,16,330,24,29,169,65,192,37
"1275","CUST_272","store",65,60,189,222,155,38,231,2,93,85,29,114,21
"1276","CUST_1689","store",402,79,174,279,434,12,431,2,30,90,107,77,6
"1277","CUST_1821","store",282,140,176,264,138,82,151,108,233,150,43,322,55
"1278","CUST_396","store",391,114,350,558,462,70,529,132,42,103,84,324,55
"1279","CUST_553","store",169,35,60,120,204,6,226,2,17,37,38,45,5
"1280","CUST_566","store",426,129,465,450,398,84,388,2,71,118,72,240,32
"1281","CUST_1762","store",128,23,98,100,172,10,232,2,15,131,32,115,17
"1282","CUST_904","store",250,58,250,283,278,31,347,2,88,93,53,167,38
"1283","CUST_1935","store",361,36,67,286,382,12,261,36,57,89,51,83,6
"1284","CUST_866","store",60,9,28,48,119,4,129,2,24,18,13,20,5
"1285","CUST_738","store",88,14,50,64,57,10,76,2,7,16,11,31,7
"1286","CUST_647","store",256,57,330,302,436,28,403,60,61,212,124,308,46
"1287","CUST_1121","store",78,47,72,68,80,14,77,2,42,32,5,77,14
"1288","CUST_1414","store",285,55,149,290,338,22,412,2,47,78,57,107,15
"1289","CUST_999","store",169,80,145,167,204,47,227,12,103,77,28,169,16
"1290","CUST_674","store",412,204,237,272,328,196,285,120,226,148,32,259,67
"1291","CUST_336","store",335,122,414,454,343,71,500,96,45,104,97,262,45
"1292","CUST_1427","store",20,4,35,31,45,2,54,2,4,19,11,35,5
"1293","CUST_264","store",232,88,174,353,270,44,337,48,33,61,57,159,34
"1294","CUST_1064","store",258,40,121,216,221,35,251,2,61,66,45,64,6
"1295","CUST_915","store",273,42,99,220,251,25,322,2,54,61,58,59,6
"1296","CUST_1126","store",39,29,39,54,66,18,49,24,37,24,11,36,6
"1297","CUST_506","store",35,5,25,28,44,7,67,2,10,13,8,13,5
"1298","CUST_626","store",160,41,86,151,206,15,241,2,28,40,31,61,7
"1299","CUST_1090","store",383,136,198,284,280,153,276,96,211,103,28,189,61
"1300","CUST_1586","store",97,32,75,106,98,17,144,72,65,56,16,62,13
"1301","CUST_511","store",41,9,47,51,56,11,67,24,15,14,5,32,5
"1302","CUST_1100","store",46,7,37,29,58,9,98,36,14,16,9,30,5
"1303","CUST_1283","store",87,31,106,147,55,45,171,24,63,77,17,109,27
"1304","CUST_1210","store",38,4,31,28,43,16,63,2,27,18,10,27,5
"1305","CUST_1864","store",25,28,95,115,76,27,161,12,54,52,12,64,12
"1306","CUST_1047","store",176,97,73,102,142,50,123,60,89,46,11,82,24
"1307","CUST_1261","store",290,143,133,171,210,104,187,120,136,79,25,121,40
"1308","CUST_1607","store",34,14,61,115,82,17,91,72,49,45,16,44,10
"1309","CUST_875","store",115,63,53,107,29,33,56,48,84,70,18,94,31
"1310","CUST_297","store",27,2,28,18,31,10,44,12,3,7,6,28,5
"1311","CUST_765","store",56,8,57,37,61,8,66,24,13,17,14,21,5
"1312","CUST_118","store",67,29,69,107,85,16,58,36,46,37,5,30,6
"1313","CUST_1909","store",83,44,44,31,58,28,26,24,46,19,5,27,12
"1314","CUST_1962","store",98,31,66,94,66,22,107,48,18,42,15,48,11
"1315","CUST_317","store",66,28,70,66,28,20,95,48,45,41,11,65,15
"1316","CUST_1772","store",185,93,89,164,58,47,95,84,123,86,23,168,45
"1317","CUST_1459","store",116,76,61,88,31,42,33,36,142,67,15,90,23
"1318","CUST_1713","store",58,23,77,60,104,25,107,24,17,28,12,65,5
"1319","CUST_891","store",161,45,109,206,184,18,161,36,59,35,10,31,5
"1320","CUST_1088","store",125,68,76,124,57,45,104,48,129,62,19,136,36
"1321","CUST_23","store",153,66,56,99,30,27,66,48,140,73,17,95,27
"1322","CUST_469","store",267,146,101,192,52,73,83,96,177,124,34,213,59
"1323","CUST_1026","store",143,40,102,227,137,36,183,12,77,17,7,18,5
"1324","CUST_1980","store",90,39,82,86,32,20,37,60,64,44,23,69,27
"1325","CUST_1728","store",201,120,94,125,183,92,128,72,112,68,15,91,36
"1326","CUST_397","store",27,12,21,22,18,7,21,24,23,9,5,30,7
"1327","CUST_802","store",151,72,82,119,50,45,84,72,104,79,16,125,25
"1328","CUST_346","store",38,25,31,68,21,6,48,2,19,29,6,38,8
"1329","CUST_1824","store",65,33,89,130,47,36,102,12,40,52,13,55,16
"1330","CUST_1770","store",240,28,174,95,201,57,368,48,40,62,35,119,5
"1331","CUST_786","store",262,159,160,178,250,99,196,108,147,74,22,145,37
"1332","CUST_936","store",157,103,98,113,152,70,103,72,81,46,14,55,23
"1333","CUST_1286","store",175,75,67,109,51,38,78,84,112,75,22,107,31
"1334","CUST_1103","store",127,40,71,82,101,22,200,36,70,45,20,70,8
"1335","CUST_1631","store",111,58,60,76,46,28,78,48,55,48,16,59,23
"1336","CUST_929","store",161,82,88,103,148,55,120,60,105,51,14,93,25
"1337","CUST_1732","store",172,161,117,171,92,57,97,72,148,123,37,198,63
"1338","CUST_694","store",153,104,106,133,187,75,143,72,84,52,13,72,30
"1339","CUST_1904","store",281,144,177,246,109,80,140,144,222,139,42,233,62
"1340","CUST_1879","store",73,25,29,60,25,17,44,12,47,18,7,14,5
"1341","CUST_670","store",21,33,91,78,19,14,100,24,28,19,9,64,17
"1342","CUST_867","store",80,57,65,86,95,35,73,36,68,40,8,46,24
"1343","CUST_1326","store",161,48,67,96,93,51,114,36,83,41,15,59,17
"1344","CUST_1319","store",75,39,35,98,29,18,35,36,84,50,8,54,26
"1345","CUST_1329","store",107,56,26,72,36,27,34,36,133,39,17,69,24
"1346","CUST_1652","store",320,38,315,147,487,88,503,84,72,98,60,235,17
"1347","CUST_263","store",256,154,245,251,263,53,345,132,126,137,43,247,47
"1348","CUST_969","store",379,240,252,391,195,136,238,120,354,214,55,344,99
"1349","CUST_119","store",137,87,76,128,38,48,55,72,127,76,22,154,38
"1350","CUST_239","store",9,20,30,59,9,14,37,12,20,8,5,38,7
"1351","CUST_1024","store",89,6,46,23,98,37,188,24,22,34,25,39,5
"1352","CUST_273","store",386,293,307,454,227,129,272,120,315,246,70,404,131
"1353","CUST_256","store",243,144,117,219,75,65,83,60,269,130,32,206,63
"1354","CUST_1706","store",547,262,292,455,192,147,263,168,429,289,62,414,137
"1355","CUST_1525","store",144,73,72,92,114,54,154,36,129,63,16,86,20
"1356","CUST_1119","store",210,91,98,204,80,56,127,84,176,74,28,199,49
"1357","CUST_1340","store",61,29,52,73,72,25,144,12,50,32,13,46,11
"1358","CUST_1410","store",68,7,29,15,60,12,79,24,52,16,6,34,5
"1359","CUST_342","store",176,22,143,66,213,31,222,84,60,55,34,154,8
"1360","CUST_596","store",110,10,105,57,81,14,200,36,21,45,18,90,5
"1361","CUST_90","store",156,52,97,201,304,33,166,72,16,62,50,147,22
"1362","CUST_779","store",114,70,38,105,37,32,63,2,81,50,19,95,24
"1363","CUST_166","store",56,27,33,58,19,16,29,24,46,35,11,39,13
"1364","CUST_1104","store",20,21,34,42,25,10,58,2,29,29,7,52,9
"1365","CUST_780","store",65,40,64,131,72,42,149,24,40,62,19,84,29
"1366","CUST_1258","store",125,72,81,135,49,40,60,2,132,71,16,125,34
"1367","CUST_1156","store",109,6,72,52,172,31,197,60,19,27,24,102,5
"1368","CUST_840","store",83,18,50,42,91,27,127,24,45,44,13,54,5
"1369","CUST_1763","store",266,144,149,191,205,96,221,96,168,99,23,136,38
"1370","CUST_1197","store",414,118,359,571,458,61,564,48,125,52,21,72,12
"1371","CUST_1403","store",192,48,156,131,232,45,288,2,43,74,44,137,9
"1372","CUST_487","store",91,16,49,88,144,24,186,12,29,42,15,76,7
"1373","CUST_290","store",97,18,71,76,138,15,143,60,27,39,20,78,9
"1374","CUST_591","store",49,38,119,137,44,33,142,36,39,51,15,94,24
"1375","CUST_1426","store",139,29,76,66,115,22,128,24,53,44,13,47,5
"1376","CUST_1320","store",177,30,143,90,235,49,287,72,40,73,44,122,8
"1377","CUST_996","store",92,59,52,84,35,22,38,48,107,39,13,86,23
"1378","CUST_507","store",396,282,359,341,436,214,343,132,252,145,33,280,88
"1379","CUST_215","store",97,15,71,49,87,23,122,2,14,33,16,61,5
"1380","CUST_1450","store",261,93,208,405,395,63,439,84,51,76,83,184,34
"1381","CUST_11","store",94,42,39,76,46,29,79,36,74,49,13,50,20
